phc_id,date,day_of_week,patients,total_beds,occupied_beds,available_beds,doctors_total,doctors_present,nurses_total,nurses_present,outbreak_flag,usage_paracetamol_,usage_insulin_glar,usage_ors_rehydrat,usage_amoxicillin_,usage_iv_normal_sa,usage_oxygen_cylin
phc-delhi-east-01,2026-08-01,5,166,24,16,8,8,8,16,16,0,196.4,23.9,155.4,75.1,34.6,5.5
phc-delhi-east-01,2026-08-02,6,96,24,16,8,8,8,16,16,0,103.5,13.9,74.2,39.6,24.2,3.3
phc-delhi-east-01,2026-08-03,0,201,24,16,8,8,8,16,16,0,206.8,26.5,187.0,99.3,41.4,6.3
phc-delhi-east-01,2026-08-04,1,158,24,16,8,8,8,16,14,0,205.2,19.4,137.1,61.0,30.1,5.6
phc-delhi-east-01,2026-08-05,2,169,24,15,9,8,8,16,16,0,206.3,21.3,120.9,87.4,35.2,5.1
phc-delhi-east-01,2026-08-06,3,149,24,16,8,8,8,16,15,0,166.7,22.1,139.7,78.2,30.0,5.1
phc-delhi-east-01,2026-08-07,4,164,24,15,9,8,8,16,16,0,216.0,25.7,126.9,85.3,37.1,5.1
phc-delhi-east-01,2026-08-08,5,159,24,16,8,8,7,16,16,0,190.1,25.7,99.7,82.6,35.3,5.4
phc-delhi-east-01,2026-08-09,6,105,24,17,7,8,8,16,16,0,101.0,13.5,95.9,49.3,22.1,3.9
phc-delhi-east-01,2026-08-10,0,219,24,16,8,8,7,16,16,0,265.4,33.6,173.1,101.7,46.3,6.5
phc-delhi-east-01,2026-08-11,1,164,24,14,10,8,8,16,16,0,201.9,22.1,135.4,82.3,35.5,5.9
phc-delhi-east-01,2026-08-12,2,134,24,16,8,8,8,16,14,0,129.9,18.7,114.6,80.2,28.9,4.8
phc-delhi-east-01,2026-08-13,3,160,24,17,7,8,8,16,15,0,169.6,20.7,146.5,70.6,40.1,6.4
phc-delhi-east-01,2026-08-14,4,178,24,16,8,8,8,16,15,0,192.4,23.5,152.8,81.1,33.1,6.3
phc-delhi-east-01,2026-08-15,5,146,24,16,8,8,8,16,14,0,183.5,19.6,113.1,67.6,33.9,5.6
phc-delhi-east-01,2026-08-16,6,108,24,16,8,8,8,16,16,0,133.0,16.3,80.4,45.0,25.0,3.9
phc-delhi-east-01,2026-08-17,0,204,24,16,8,8,8,16,16,0,253.3,29.2,188.1,99.6,39.4,7.9
phc-delhi-east-01,2026-08-18,1,177,24,15,9,8,8,16,16,0,237.0,22.7,164.9,88.5,42.1,7.4
phc-delhi-east-01,2026-08-19,2,157,24,15,9,8,8,16,14,0,174.2,23.9,130.3,84.5,36.4,7.0
phc-delhi-east-01,2026-08-20,3,161,24,16,8,8,8,16,15,0,172.5,23.6,133.8,82.8,37.1,5.6
phc-delhi-east-01,2026-08-21,4,149,24,16,8,8,8,16,16,0,151.7,22.3,127.8,76.0,38.6,5.3
phc-delhi-east-01,2026-08-22,5,150,24,17,7,8,8,16,16,0,186.4,22.2,141.3,79.6,28.5,4.8
phc-delhi-east-01,2026-08-23,6,108,24,16,8,8,7,16,16,0,136.3,17.3,91.9,58.7,26.1,3.9
phc-delhi-east-01,2026-08-24,0,203,24,15,9,8,8,16,16,0,231.8,28.7,212.5,79.2,47.7,6.0
phc-delhi-east-01,2026-08-25,1,154,24,15,9,8,8,16,15,0,204.9,22.7,114.3,91.6,40.1,6.1
phc-delhi-east-01,2026-08-26,2,171,24,17,7,8,8,16,16,0,191.6,26.0,133.8,81.1,39.5,6.5
phc-delhi-east-01,2026-08-27,3,145,24,15,9,8,8,16,16,0,168.2,22.2,138.9,72.2,37.2,4.4
phc-delhi-east-01,2026-08-28,4,184,24,15,9,8,8,16,15,0,230.6,27.8,141.9,87.8,27.4,5.8
phc-delhi-east-01,2026-08-29,5,157,24,15,9,8,8,16,16,0,164.9,21.7,127.2,75.8,42.6,5.7
phc-delhi-east-01,2026-08-30,6,112,24,15,9,8,8,16,16,0,135.3,15.1,96.3,57.3,28.5,3.4
phc-delhi-east-01,2026-08-31,0,234,24,17,7,8,8,16,14,0,226.0,31.2,203.0,122.3,49.1,7.7
phc-delhi-east-01,2026-09-01,1,155,24,16,8,8,8,16,15,0,201.1,23.1,120.8,70.2,36.6,5.8
phc-delhi-east-01,2026-09-02,2,160,24,15,9,8,7,16,16,0,194.3,25.9,130.0,73.7,36.1,5.6
phc-delhi-east-01,2026-09-03,3,172,24,16,8,8,8,16,15,0,213.1,23.8,147.6,87.5,34.7,7.3
phc-delhi-east-01,2026-09-04,4,147,24,16,8,8,7,16,15,0,155.0,19.1,124.8,55.8,38.1,5.0
phc-delhi-east-01,2026-09-05,5,170,24,15,9,8,8,16,15,0,187.2,24.4,148.0,77.5,35.6,6.1
phc-delhi-east-01,2026-09-06,6,92,24,16,8,8,7,16,13,0,94.9,12.0,88.8,35.2,23.4,3.1
phc-delhi-east-01,2026-09-07,0,200,24,16,8,8,8,16,16,0,247.7,25.7,178.8,110.7,43.5,7.3
phc-delhi-east-01,2026-09-08,1,169,24,15,9,8,6,16,16,0,194.7,23.8,157.8,85.0,37.4,7.3
phc-delhi-east-01,2026-09-09,2,165,24,16,8,8,8,16,16,0,215.3,23.5,171.0,72.8,33.3,5.4
phc-delhi-east-01,2026-09-10,3,133,24,16,8,8,8,16,14,0,151.2,15.1,117.1,67.5,32.1,5.0
phc-delhi-east-01,2026-09-11,4,179,24,15,9,8,7,16,15,0,240.1,23.9,126.1,97.6,38.9,7.0
phc-delhi-east-01,2026-09-12,5,140,24,15,9,8,7,16,15,0,157.9,22.6,122.7,65.1,25.9,4.2
phc-delhi-east-01,2026-09-13,6,108,24,16,8,8,8,16,16,0,133.9,14.0,106.0,52.4,26.6,3.8
phc-delhi-east-01,2026-09-14,0,233,24,17,7,8,8,16,16,0,328.7,37.5,215.4,107.0,49.5,6.7
phc-delhi-east-01,2026-09-15,1,178,24,15,9,8,7,16,16,0,245.7,25.1,175.9,73.6,32.5,6.2
phc-delhi-east-01,2026-09-16,2,165,24,16,8,8,8,16,16,0,197.4,22.8,139.2,70.5,38.1,6.2
phc-delhi-east-01,2026-09-17,3,156,24,16,8,8,8,16,16,0,177.3,20.1,131.2,67.1,32.4,4.8
phc-delhi-east-01,2026-09-18,4,261,24,20,4,8,7,16,16,1,597.2,43.6,541.0,162.5,145.8,15.5
phc-delhi-east-01,2026-09-19,5,202,24,22,2,8,8,16,16,1,536.3,30.3,472.2,140.0,139.5,14.2
phc-delhi-east-01,2026-09-20,6,148,24,22,2,8,8,16,16,1,305.2,22.4,325.5,88.9,73.0,8.6
phc-delhi-east-01,2026-09-21,0,288,24,23,1,8,8,16,15,1,656.1,50.9,641.4,176.9,175.2,19.1
phc-delhi-east-01,2026-09-22,1,220,24,21,3,8,8,16,16,1,492.1,27.4,532.0,148.2,117.6,13.4
phc-delhi-east-01,2026-09-23,2,231,24,21,3,8,8,16,16,1,495.5,32.5,513.0,142.3,125.3,14.5
phc-delhi-east-01,2026-09-24,3,223,24,23,1,8,7,16,15,1,462.3,31.9,466.6,157.8,120.2,16.9
phc-delhi-east-01,2026-09-25,4,253,24,21,3,8,7,16,16,1,532.8,31.9,468.1,170.8,137.1,14.5
phc-delhi-east-01,2026-09-26,5,239,24,21,3,8,8,16,16,1,454.4,36.3,506.7,150.9,135.8,16.7
phc-delhi-east-01,2026-09-27,6,163,24,22,2,8,8,16,16,1,393.1,24.6,373.6,102.9,86.8,10.1
phc-delhi-east-01,2026-09-28,0,328,24,21,3,8,7,16,16,1,766.9,48.9,701.8,232.4,191.1,16.1
phc-delhi-east-01,2026-09-29,1,244,24,23,1,8,8,16,15,1,442.9,33.8,438.4,158.2,129.1,17.9
phc-delhi-east-02,2026-08-01,5,185,30,19,11,10,10,20,18,0,217.1,23.6,161.8,90.3,43.0,5.9
phc-delhi-east-02,2026-08-02,6,113,30,20,10,10,10,20,20,0,138.1,16.2,91.6,49.6,26.9,3.6
phc-delhi-east-02,2026-08-03,0,226,30,20,10,10,9,20,20,0,258.2,35.7,183.6,103.8,47.0,8.7
phc-delhi-east-02,2026-08-04,1,194,30,20,10,10,10,20,20,0,214.8,23.8,135.6,107.1,45.5,6.8
phc-delhi-east-02,2026-08-05,2,184,30,20,10,10,10,20,20,0,195.9,30.4,165.6,90.2,42.3,6.6
phc-delhi-east-02,2026-08-06,3,164,30,20,10,10,10,20,19,0,177.3,22.7,140.2,87.3,30.0,6.6
phc-delhi-east-02,2026-08-07,4,178,30,20,10,10,10,20,20,0,204.5,27.0,116.2,83.5,41.6,7.0
phc-delhi-east-02,2026-08-08,5,168,30,19,11,10,10,20,20,0,196.6,22.9,104.3,80.2,36.1,6.3
phc-delhi-east-02,2026-08-09,6,134,30,18,12,10,10,20,20,0,178.9,17.3,112.0,64.3,29.9,4.4
phc-delhi-east-02,2026-08-10,0,228,30,20,10,10,10,20,19,0,257.9,30.2,193.2,103.5,46.6,8.1
phc-delhi-east-02,2026-08-11,1,176,30,20,10,10,10,20,20,0,243.0,21.7,152.6,86.9,37.7,6.1
phc-delhi-east-02,2026-08-12,2,188,30,19,11,10,10,20,20,0,246.7,29.7,171.3,80.1,39.2,6.9
phc-delhi-east-02,2026-08-13,3,162,30,18,12,10,10,20,19,0,208.3,23.2,141.2,90.6,32.1,5.3
phc-delhi-east-02,2026-08-14,4,167,30,21,9,10,10,20,20,0,206.9,20.5,155.1,78.7,34.8,6.5
phc-delhi-east-02,2026-08-15,5,170,30,20,10,10,10,20,20,0,175.3,26.8,113.1,67.3,35.4,6.5
phc-delhi-east-02,2026-08-16,6,117,30,20,10,10,10,20,20,0,144.7,13.6,86.0,60.3,26.2,4.0
phc-delhi-east-02,2026-08-17,0,225,30,19,11,10,10,20,20,0,279.4,26.4,201.8,129.7,53.1,7.5
phc-delhi-east-02,2026-08-18,1,188,30,18,12,10,10,20,18,0,231.4,28.9,186.4,99.4,33.7,5.7
phc-delhi-east-02,2026-08-19,2,171,30,18,12,10,10,20,20,0,205.7,20.5,153.8,69.6,34.6,6.8
phc-delhi-east-02,2026-08-20,3,167,30,19,11,10,10,20,20,0,210.3,23.8,129.8,85.8,34.6,5.9
phc-delhi-east-02,2026-08-21,4,217,30,19,11,10,9,20,20,0,257.9,30.9,178.3,124.7,47.5,6.4
phc-delhi-east-02,2026-08-22,5,174,30,20,10,10,9,20,19,0,221.8,20.5,137.1,81.5,38.0,6.5
phc-delhi-east-02,2026-08-23,6,119,30,21,9,10,10,20,19,0,123.7,18.8,111.9,54.5,27.8,3.5
phc-delhi-east-02,2026-08-24,0,224,30,21,9,10,9,20,20,0,280.3,32.0,195.6,93.8,44.0,8.7
phc-delhi-east-02,2026-08-25,1,179,30,21,9,10,9,20,20,0,229.4,21.5,159.8,77.0,44.4,6.1
phc-delhi-east-02,2026-08-26,2,182,30,19,11,10,10,20,19,0,240.9,21.7,158.8,95.1,40.4,7.0
phc-delhi-east-02,2026-08-27,3,173,30,19,11,10,10,20,19,0,236.9,20.1,121.2,75.8,41.1,5.9
phc-delhi-east-02,2026-08-28,4,168,30,19,11,10,10,20,20,0,200.9,24.1,164.9,72.6,40.6,5.8
phc-delhi-east-02,2026-08-29,5,179,30,20,10,10,10,20,17,0,229.3,28.0,176.8,72.4,39.7,5.9
phc-delhi-east-02,2026-08-30,6,111,30,19,11,10,9,20,20,0,152.1,14.7,86.5,55.8,23.1,4.1
phc-delhi-east-02,2026-08-31,0,229,30,20,10,10,10,20,20,0,233.1,30.9,206.0,115.9,55.8,7.3
phc-delhi-east-02,2026-09-01,1,182,30,19,11,10,10,20,20,0,217.7,30.1,146.7,89.3,40.0,7.1
phc-delhi-east-02,2026-09-02,2,216,30,20,10,10,10,20,19,0,245.4,25.3,192.1,106.2,49.0,8.3
phc-delhi-east-02,2026-09-03,3,186,30,21,9,10,10,20,19,0,247.0,29.1,180.0,95.1,40.2,6.6
phc-delhi-east-02,2026-09-04,4,197,30,18,12,10,9,20,19,0,217.1,27.0,167.5,102.3,36.9,6.9
phc-delhi-east-02,2026-09-05,5,181,30,19,11,10,10,20,20,0,210.5,25.9,157.7,100.6,39.4,6.5
phc-delhi-east-02,2026-09-06,6,123,30,18,12,10,9,20,19,0,150.4,16.9,100.3,56.9,27.5,3.5
phc-delhi-east-02,2026-09-07,0,242,30,20,10,10,10,20,19,0,274.2,35.2,237.9,115.4,50.3,10.1
phc-delhi-east-02,2026-09-08,1,159,30,18,12,10,9,20,19,0,148.8,24.8,152.9,74.6,31.0,5.5
phc-delhi-east-02,2026-09-09,2,189,30,20,10,10,10,20,20,0,225.8,27.1,156.8,93.9,36.4,7.6
phc-delhi-east-02,2026-09-10,3,179,30,21,9,10,10,20,19,0,238.8,26.8,163.1,89.9,41.8,5.7
phc-delhi-east-02,2026-09-11,4,185,30,18,12,10,9,20,20,0,220.0,29.6,146.6,104.8,40.5,5.5
phc-delhi-east-02,2026-09-12,5,182,30,19,11,10,9,20,20,0,203.5,24.8,154.3,85.8,37.3,7.9
phc-delhi-east-02,2026-09-13,6,112,30,19,11,10,10,20,19,0,121.4,15.6,95.2,47.5,28.3,4.3
phc-delhi-east-02,2026-09-14,0,221,30,19,11,10,10,20,20,0,265.9,30.1,186.2,104.2,45.1,7.9
phc-delhi-east-02,2026-09-15,1,165,30,20,10,10,9,20,20,0,225.7,25.2,141.1,74.1,38.8,6.0
phc-delhi-east-02,2026-09-16,2,193,30,19,11,10,9,20,20,0,246.3,27.3,179.6,90.8,48.1,7.0
phc-delhi-east-02,2026-09-17,3,211,30,20,10,10,10,20,20,0,236.7,28.1,173.6,105.6,48.8,7.0
phc-delhi-east-02,2026-09-18,4,180,30,20,10,10,10,20,20,0,262.3,22.4,161.6,82.1,40.4,7.0
phc-delhi-east-02,2026-09-19,5,178,30,20,10,10,10,20,20,0,187.4,21.3,154.7,94.4,45.8,5.9
phc-delhi-east-02,2026-09-20,6,127,30,21,9,10,10,20,20,0,151.8,19.2,109.9,64.2,24.4,5.1
phc-delhi-east-02,2026-09-21,0,239,30,18,12,10,10,20,18,0,271.0,31.2,202.6,128.2,55.4,8.1
phc-delhi-east-02,2026-09-22,1,191,30,19,11,10,10,20,20,0,163.9,27.7,160.9,99.1,36.8,7.4
phc-delhi-east-02,2026-09-23,2,170,30,18,12,10,8,20,20,0,205.6,20.7,158.9,77.6,31.6,5.7
phc-delhi-east-02,2026-09-24,3,202,30,19,11,10,10,20,20,0,263.0,30.7,192.7,108.7,44.0,7.3
phc-delhi-east-02,2026-09-25,4,199,30,21,9,10,10,20,20,0,237.1,27.8,181.5,96.0,47.0,6.9
phc-delhi-east-02,2026-09-26,5,181,30,18,12,10,10,20,17,0,173.8,25.7,160.8,85.7,44.1,5.0
phc-delhi-east-02,2026-09-27,6,144,30,20,10,10,10,20,20,0,191.9,18.1,129.9,61.8,29.7,6.0
phc-delhi-east-02,2026-09-28,0,222,30,20,10,10,9,20,18,0,272.2,31.0,226.5,116.8,50.3,7.4
phc-delhi-east-02,2026-09-29,1,181,30,21,9,10,10,20,19,0,231.1,22.4,179.0,76.9,41.0,5.9
phc-delhi-south-01,2026-08-01,5,219,36,21,15,12,11,24,24,0,271.4,32.4,192.8,87.4,43.7,8.5
phc-delhi-south-01,2026-08-02,6,150,36,21,15,12,11,24,24,0,177.3,21.3,125.3,72.1,29.4,4.5
phc-delhi-south-01,2026-08-03,0,310,36,19,17,12,12,24,24,0,340.5,37.8,247.7,151.3,63.4,12.0
phc-delhi-south-01,2026-08-04,1,247,36,20,16,12,12,24,23,0,222.3,42.5,180.8,99.1,59.9,10.8
phc-delhi-south-01,2026-08-05,2,244,36,21,15,12,12,24,22,0,309.3,33.3,215.5,114.9,56.6,8.5
phc-delhi-south-01,2026-08-06,3,203,36,19,17,12,12,24,24,0,248.0,32.4,188.4,82.1,40.2,7.8
phc-delhi-south-01,2026-08-07,4,203,36,19,17,12,12,24,24,0,238.1,33.7,176.4,99.0,40.5,8.1
phc-delhi-south-01,2026-08-08,5,219,36,20,16,12,12,24,24,0,266.0,32.3,187.1,105.5,44.8,7.2
phc-delhi-south-01,2026-08-09,6,127,36,21,15,12,11,24,24,0,179.1,19.1,100.4,65.9,26.4,5.3
phc-delhi-south-01,2026-08-10,0,257,36,18,18,12,12,24,24,0,271.8,37.1,232.3,128.5,55.5,8.9
phc-delhi-south-01,2026-08-11,1,221,36,20,16,12,12,24,24,0,261.3,35.5,156.2,109.4,48.6,8.1
phc-delhi-south-01,2026-08-12,2,206,36,19,17,12,12,24,23,0,261.3,33.5,168.5,96.9,42.7,6.5
phc-delhi-south-01,2026-08-13,3,209,36,18,18,12,12,24,24,0,220.1,27.4,190.1,110.7,46.5,7.7
phc-delhi-south-01,2026-08-14,4,257,36,19,17,12,12,24,23,0,360.0,37.5,203.0,122.7,59.7,9.1
phc-delhi-south-01,2026-08-15,5,229,36,19,17,12,12,24,24,0,249.5,37.1,188.7,124.4,44.3,7.6
phc-delhi-south-01,2026-08-16,6,127,36,19,17,12,10,24,22,0,170.9,18.0,133.0,63.4,28.5,4.3
phc-delhi-south-01,2026-08-17,0,278,36,21,15,12,12,24,24,0,328.5,34.8,215.3,124.0,59.7,9.8
phc-delhi-south-01,2026-08-18,1,232,36,19,17,12,12,24,24,0,289.2,40.6,197.1,120.7,51.5,8.0
phc-delhi-south-01,2026-08-19,2,236,36,21,15,12,11,24,23,0,275.0,31.4,195.9,99.8,50.1,7.4
phc-delhi-south-01,2026-08-20,3,243,36,22,14,12,12,24,23,0,290.9,36.8,235.3,123.1,53.5,7.4
phc-delhi-south-01,2026-08-21,4,201,36,19,17,12,12,24,24,0,233.8,29.6,171.8,79.1,41.4,5.0
phc-delhi-south-01,2026-08-22,5,225,36,18,18,12,12,24,24,0,311.3,35.3,187.2,124.1,50.2,7.6
phc-delhi-south-01,2026-08-23,6,136,36,20,16,12,12,24,24,0,158.3,16.1,126.1,68.5,36.8,4.3
phc-delhi-south-01,2026-08-24,0,270,36,21,15,12,12,24,24,0,286.1,31.0,241.9,139.4,56.0,7.0
phc-delhi-south-01,2026-08-25,1,210,36,20,16,12,12,24,24,0,261.9,26.5,177.9,81.0,55.7,6.5
phc-delhi-south-01,2026-08-26,2,219,36,19,17,12,12,24,24,0,226.7,25.7,213.5,102.9,45.0,8.5
phc-delhi-south-01,2026-08-27,3,209,36,19,17,12,11,24,24,0,296.6,29.0,194.0,114.5,51.6,7.5
phc-delhi-south-01,2026-08-28,4,234,36,20,16,12,12,24,24,0,293.7,30.5,238.9,113.9,49.6,8.3
phc-delhi-south-01,2026-08-29,5,196,36,19,17,12,11,24,23,0,212.3,26.2,159.3,96.7,40.1,6.3
phc-delhi-south-01,2026-08-30,6,153,36,18,18,12,12,24,22,0,201.9,19.8,111.6,84.5,32.6,5.2
phc-delhi-south-01,2026-08-31,0,304,36,20,16,12,12,24,24,0,385.1,48.8,304.9,156.8,70.8,9.7
phc-delhi-south-01,2026-09-01,1,226,36,19,17,12,11,24,24,0,242.9,25.4,231.6,96.5,48.6,7.7
phc-delhi-south-01,2026-09-02,2,225,36,19,17,12,11,24,23,0,292.0,34.1,175.7,121.1,48.8,8.6
phc-delhi-south-01,2026-09-03,3,233,36,20,16,12,12,24,24,0,290.8,30.5,187.6,118.4,57.6,8.2
phc-delhi-south-01,2026-09-04,4,225,36,20,16,12,12,24,24,0,316.0,37.2,203.2,111.5,54.0,7.4
phc-delhi-south-01,2026-09-05,5,228,36,20,16,12,12,24,24,0,267.9,29.2,182.5,115.9,58.5,8.3
phc-delhi-south-01,2026-09-06,6,129,36,19,17,12,11,24,24,0,161.7,15.4,97.5,59.1,26.1,4.1
phc-delhi-south-01,2026-09-07,0,229,36,21,15,12,11,24,24,0,235.8,26.4,165.0,123.8,47.6,10.1
phc-delhi-south-01,2026-09-08,1,210,36,20,16,12,12,24,24,0,256.7,34.2,195.6,94.5,50.0,7.3
phc-delhi-south-01,2026-09-09,2,243,36,18,18,12,12,24,24,0,311.9,37.3,208.4,133.9,47.4,8.3
phc-delhi-south-01,2026-09-10,3,207,36,18,18,12,12,24,24,0,202.0,29.5,186.1,117.9,40.6,7.0
phc-delhi-south-01,2026-09-11,4,225,36,19,17,12,11,24,24,0,320.9,36.4,181.9,95.9,50.2,6.5
phc-delhi-south-01,2026-09-12,5,226,36,19,17,12,12,24,23,0,267.2,30.5,199.8,106.4,56.6,7.0
phc-delhi-south-01,2026-09-13,6,142,36,18,18,12,12,24,24,0,198.7,19.0,113.4,71.4,28.1,5.1
phc-delhi-south-01,2026-09-14,0,292,36,21,15,12,12,24,24,0,393.4,36.9,226.0,145.1,62.8,9.4
phc-delhi-south-01,2026-09-15,1,204,36,21,15,12,12,24,23,0,244.3,26.4,131.4,106.6,48.2,6.9
phc-delhi-south-01,2026-09-16,2,221,36,21,15,12,12,24,24,0,278.9,33.7,170.6,94.3,51.4,6.7
phc-delhi-south-01,2026-09-17,3,263,36,21,15,12,12,24,24,0,292.4,33.8,228.0,140.7,52.0,9.3
phc-delhi-south-01,2026-09-18,4,228,36,18,18,12,12,24,24,0,292.6,31.7,177.7,95.6,49.9,7.6
phc-delhi-south-01,2026-09-19,5,255,36,19,17,12,12,24,24,0,306.6,33.1,212.8,139.2,52.5,8.2
phc-delhi-south-01,2026-09-20,6,137,36,21,15,12,12,24,24,0,148.7,18.5,122.4,67.8,30.0,4.8
phc-delhi-south-01,2026-09-21,0,259,36,21,15,12,12,24,24,0,320.1,33.5,210.8,138.6,57.6,7.8
phc-delhi-south-01,2026-09-22,1,236,36,20,16,12,12,24,23,0,264.3,35.6,196.8,99.5,52.5,9.1
phc-delhi-south-01,2026-09-23,2,232,36,19,17,12,11,24,22,0,269.1,31.2,178.4,116.1,61.6,7.3
phc-delhi-south-01,2026-09-24,3,220,36,21,15,12,12,24,21,0,301.3,34.3,213.8,93.0,47.2,7.7
phc-delhi-south-01,2026-09-25,4,215,36,20,16,12,12,24,23,0,263.0,29.0,188.9,100.2,48.1,8.5
phc-delhi-south-01,2026-09-26,5,202,36,20,16,12,11,24,24,0,270.0,28.0,133.2,92.1,48.9,7.5
phc-delhi-south-01,2026-09-27,6,133,36,21,15,12,12,24,24,0,153.3,16.9,131.3,61.8,32.8,5.4
phc-delhi-south-01,2026-09-28,0,297,36,20,16,12,10,24,24,0,341.0,43.1,232.5,159.6,58.0,10.0
phc-delhi-south-01,2026-09-29,1,229,36,21,15,12,12,24,24,0,278.3,38.3,175.2,102.5,53.0,8.2
phc-delhi-south-02,2026-08-01,5,134,20,14,6,6,6,12,12,0,168.7,19.3,121.3,58.1,29.9,3.9
phc-delhi-south-02,2026-08-02,6,69,20,14,6,6,6,12,12,0,78.4,9.6,60.6,33.8,16.3,2.3
phc-delhi-south-02,2026-08-03,0,169,20,14,6,6,5,12,12,0,197.5,25.8,136.1,86.5,35.7,6.1
phc-delhi-south-02,2026-08-04,1,123,20,13,7,6,6,12,12,0,147.3,16.7,112.9,49.5,24.2,3.8
phc-delhi-south-02,2026-08-05,2,140,20,14,6,6,6,12,12,0,196.7,21.0,111.3,67.8,29.4,4.5
phc-delhi-south-02,2026-08-06,3,130,20,14,6,6,6,12,12,0,171.2,19.1,112.6,68.6,20.9,4.9
phc-delhi-south-02,2026-08-07,4,123,20,14,6,6,6,12,11,0,120.6,20.8,92.9,66.3,31.8,3.9
phc-delhi-south-02,2026-08-08,5,138,20,13,7,6,6,12,12,0,201.6,19.0,118.7,69.9,30.5,5.6
phc-delhi-south-02,2026-08-09,6,80,20,13,7,6,6,12,12,0,97.9,11.0,53.9,40.1,15.4,2.5
phc-delhi-south-02,2026-08-10,0,154,20,13,7,6,6,12,12,0,179.1,19.9,135.1,83.8,27.5,5.5
phc-delhi-south-02,2026-08-11,1,128,20,12,8,6,6,12,12,0,163.9,18.1,85.3,61.3,31.2,4.3
phc-delhi-south-02,2026-08-12,2,123,20,13,7,6,6,12,12,0,151.5,18.1,88.0,64.3,25.8,4.4
phc-delhi-south-02,2026-08-13,3,147,20,12,8,6,6,12,12,0,192.2,18.8,121.1,81.3,30.8,5.4
phc-delhi-south-02,2026-08-14,4,128,20,13,7,6,6,12,12,0,152.1,18.0,116.5,62.9,30.8,4.6
phc-delhi-south-02,2026-08-15,5,124,20,14,6,6,6,12,12,0,154.2,14.4,98.6,75.5,26.0,3.5
phc-delhi-south-02,2026-08-16,6,89,20,13,7,6,6,12,11,0,99.9,14.7,66.6,46.6,21.5,2.9
phc-delhi-south-02,2026-08-17,0,181,20,14,6,6,5,12,10,0,211.8,20.7,143.2,70.9,44.5,7.3
phc-delhi-south-02,2026-08-18,1,138,20,13,7,6,6,12,12,0,147.3,18.9,113.7,71.4,34.3,5.5
phc-delhi-south-02,2026-08-19,2,124,20,13,7,6,6,12,11,0,145.7,14.5,118.8,70.8,26.0,4.3
phc-delhi-south-02,2026-08-20,3,118,20,12,8,6,6,12,10,0,135.4,16.3,99.4,54.5,25.3,4.8
phc-delhi-south-02,2026-08-21,4,136,20,12,8,6,4,12,12,0,158.4,19.5,126.0,55.2,25.5,5.0
phc-delhi-south-02,2026-08-22,5,109,20,12,8,6,6,12,12,0,139.1,16.0,76.0,49.5,22.1,3.6
phc-delhi-south-02,2026-08-23,6,83,20,13,7,6,4,12,12,0,94.9,12.7,57.7,39.2,16.2,2.8
phc-delhi-south-02,2026-08-24,0,193,20,13,7,6,4,12,11,0,257.1,32.3,143.9,97.2,40.5,6.7
phc-delhi-south-02,2026-08-25,1,158,20,12,8,6,4,12,10,0,161.1,22.7,158.1,73.1,35.7,5.2
phc-delhi-south-02,2026-08-26,2,139,20,14,6,6,5,12,12,0,173.1,19.4,131.5,66.4,25.2,5.5
phc-delhi-south-02,2026-08-27,3,121,20,14,6,6,6,12,12,0,135.7,21.5,100.1,65.0,25.7,4.4
phc-delhi-south-02,2026-08-28,4,146,20,14,6,6,6,12,12,0,171.8,22.8,131.5,49.5,34.2,5.2
phc-delhi-south-02,2026-08-29,5,130,20,13,7,6,6,12,11,0,149.9,17.5,102.2,69.5,27.1,4.1
phc-delhi-south-02,2026-08-30,6,80,20,14,6,6,6,12,9,0,105.2,11.8,72.9,40.4,16.5,2.9
phc-delhi-south-02,2026-08-31,0,173,20,13,7,6,5,12,11,0,223.3,22.4,150.2,76.2,38.0,5.1
phc-delhi-south-02,2026-09-01,1,113,20,12,8,6,6,12,12,0,109.9,16.2,96.1,49.8,26.5,4.3
phc-delhi-south-02,2026-09-02,2,113,20,12,8,6,6,12,11,0,125.3,15.6,102.8,52.7,26.4,3.3
phc-delhi-south-02,2026-09-03,3,129,20,13,7,6,4,12,12,0,175.9,15.7,76.5,63.1,33.5,5.1
phc-delhi-south-02,2026-09-04,4,132,20,12,8,6,6,12,11,0,150.6,18.9,127.6,56.0,29.2,4.3
phc-delhi-south-02,2026-09-05,5,139,20,13,7,6,6,12,12,0,158.1,19.8,108.4,74.2,30.6,4.9
phc-delhi-south-02,2026-09-06,6,82,20,14,6,6,6,12,12,0,99.9,10.5,77.5,38.3,16.6,3.1
phc-delhi-south-02,2026-09-07,0,156,20,13,7,6,5,12,11,0,203.1,21.5,137.8,74.1,35.2,5.1
phc-delhi-south-02,2026-09-08,1,105,20,13,7,6,6,12,12,0,124.3,15.5,82.0,51.4,23.3,3.3
phc-delhi-south-02,2026-09-09,2,141,20,12,8,6,5,12,12,0,166.8,18.9,119.9,71.7,26.5,3.8
phc-delhi-south-02,2026-09-10,3,124,20,13,7,6,6,12,11,0,130.6,19.5,102.0,57.2,28.6,4.2
phc-delhi-south-02,2026-09-11,4,152,20,14,6,6,6,12,11,0,154.1,23.0,134.1,66.4,30.5,5.9
phc-delhi-south-02,2026-09-12,5,118,20,13,7,6,6,12,11,0,164.9,15.1,86.1,46.8,26.3,3.5
phc-delhi-south-02,2026-09-13,6,77,20,12,8,6,6,12,12,0,68.7,10.6,81.2,39.9,16.9,2.6
phc-delhi-south-02,2026-09-14,0,163,20,13,7,6,6,12,11,0,206.3,23.1,160.0,76.4,36.5,6.3
phc-delhi-south-02,2026-09-15,1,122,20,13,7,6,6,12,12,0,148.8,17.2,105.5,60.0,26.2,4.9
phc-delhi-south-02,2026-09-16,2,113,20,12,8,6,6,12,12,0,124.4,18.5,95.0,50.5,24.8,4.2
phc-delhi-south-02,2026-09-17,3,131,20,12,8,6,6,12,12,0,151.3,17.8,125.6,66.4,25.6,4.7
phc-delhi-south-02,2026-09-18,4,135,20,13,7,6,6,12,12,0,180.5,20.1,112.0,63.1,24.2,4.9
phc-delhi-south-02,2026-09-19,5,136,20,12,8,6,6,12,12,0,149.6,23.0,97.0,66.5,36.0,4.8
phc-delhi-south-02,2026-09-20,6,83,20,14,6,6,6,12,12,0,96.0,11.0,70.0,39.0,16.0,3.0
phc-delhi-south-02,2026-09-21,0,167,20,12,8,6,4,12,12,0,168.4,24.5,170.7,69.2,37.4,5.5
phc-delhi-south-02,2026-09-22,1,134,20,14,6,6,6,12,12,0,161.1,17.0,123.4,73.3,32.9,4.8
phc-delhi-south-02,2026-09-23,2,117,20,14,6,6,6,12,12,0,122.8,17.4,108.2,53.6,24.5,4.2
phc-delhi-south-02,2026-09-24,3,125,20,13,7,6,6,12,12,0,149.0,16.2,89.6,51.9,23.1,4.5
phc-delhi-south-02,2026-09-25,4,132,20,14,6,6,6,12,12,0,147.6,19.9,90.1,69.0,25.5,5.0
phc-delhi-south-02,2026-09-26,5,130,20,12,8,6,6,12,12,0,141.1,18.6,108.4,52.8,34.3,4.8
phc-delhi-south-02,2026-09-27,6,102,20,14,6,6,6,12,12,0,120.1,15.6,85.6,56.4,19.2,3.6
phc-delhi-south-02,2026-09-28,0,146,20,13,7,6,5,12,12,0,181.6,20.5,132.9,78.9,30.9,4.9
phc-delhi-south-02,2026-09-29,1,140,20,13,7,6,5,12,11,0,138.1,20.2,113.0,66.7,31.9,4.7
phc-delhi-north-01,2026-08-01,5,166,28,20,8,8,8,18,18,0,199.9,20.8,130.5,89.4,39.5,5.7
phc-delhi-north-01,2026-08-02,6,124,28,18,10,8,8,18,17,0,141.9,18.2,113.7,58.0,25.6,5.0
phc-delhi-north-01,2026-08-03,0,249,28,17,11,8,8,18,17,0,328.0,36.5,199.6,126.3,55.4,7.3
phc-delhi-north-01,2026-08-04,1,186,28,19,9,8,7,18,18,0,267.7,34.1,167.7,87.6,43.1,7.1
phc-delhi-north-01,2026-08-05,2,171,28,19,9,8,8,18,17,0,242.0,22.9,155.2,77.7,39.7,5.2
phc-delhi-north-01,2026-08-06,3,158,28,20,8,8,7,18,17,0,198.3,25.8,134.2,80.9,31.0,5.3
phc-delhi-north-01,2026-08-07,4,185,28,18,10,8,8,18,17,0,240.9,25.7,164.4,95.7,36.6,6.6
phc-delhi-north-01,2026-08-08,5,193,28,20,8,8,8,18,18,0,247.8,28.2,172.1,87.8,33.3,7.5
phc-delhi-north-01,2026-08-09,6,109,28,18,10,8,7,18,17,0,119.5,14.3,99.8,58.1,28.6,3.8
phc-delhi-north-01,2026-08-10,0,208,28,18,10,8,8,18,18,0,211.6,32.4,165.7,115.2,43.3,6.0
phc-delhi-north-01,2026-08-11,1,159,28,17,11,8,8,18,16,0,214.4,25.3,150.6,67.3,36.8,6.4
phc-delhi-north-01,2026-08-12,2,168,28,17,11,8,8,18,18,0,208.5,23.4,143.3,74.5,36.1,5.3
phc-delhi-north-01,2026-08-13,3,187,28,18,10,8,8,18,18,0,247.6,24.0,148.4,74.1,40.6,7.2
phc-delhi-north-01,2026-08-14,4,157,28,20,8,8,8,18,18,0,178.1,21.4,155.8,85.5,30.1,6.0
phc-delhi-north-01,2026-08-15,5,186,28,19,9,8,8,18,18,0,197.6,27.7,133.8,87.4,42.1,7.6
phc-delhi-north-01,2026-08-16,6,120,28,19,9,8,8,18,18,0,122.0,17.7,107.8,57.2,29.4,4.1
phc-delhi-north-01,2026-08-17,0,229,28,20,8,8,8,18,18,0,246.8,29.3,191.9,113.4,51.3,6.7
phc-delhi-north-01,2026-08-18,1,169,28,18,10,8,8,18,18,0,238.3,26.9,125.1,86.7,35.3,6.1
phc-delhi-north-01,2026-08-19,2,179,28,19,9,8,8,18,18,0,209.8,23.3,138.9,100.6,38.2,7.3
phc-delhi-north-01,2026-08-20,3,189,28,17,11,8,6,18,17,0,238.1,27.7,161.9,97.5,43.6,5.8
phc-delhi-north-01,2026-08-21,4,187,28,18,10,8,8,18,18,0,244.3,26.6,171.1,74.3,42.3,7.1
phc-delhi-north-01,2026-08-22,5,171,28,19,9,8,7,18,18,0,177.7,25.6,136.5,96.2,45.1,5.5
phc-delhi-north-01,2026-08-23,6,109,28,18,10,8,8,18,18,0,142.0,14.2,92.7,56.5,23.9,3.9
phc-delhi-north-01,2026-08-24,0,212,28,18,10,8,8,18,18,0,247.3,28.8,194.4,105.2,49.3,8.1
phc-delhi-north-01,2026-08-25,1,170,28,18,10,8,8,18,18,0,191.5,18.7,152.2,90.2,35.7,5.6
phc-delhi-north-01,2026-08-26,2,189,28,19,9,8,6,18,18,0,228.7,20.6,157.0,83.0,42.3,8.6
phc-delhi-north-01,2026-08-27,3,180,28,19,9,8,7,18,17,0,209.2,24.2,177.3,76.9,41.0,5.7
phc-delhi-north-01,2026-08-28,4,182,28,19,9,8,8,18,18,0,239.7,27.8,135.4,87.8,37.2,5.6
phc-delhi-north-01,2026-08-29,5,172,28,18,10,8,8,18,18,0,200.0,23.7,137.5,76.5,35.2,6.1
phc-delhi-north-01,2026-08-30,6,118,28,18,10,8,8,18,18,0,168.1,17.2,91.6,59.7,19.1,4.1
phc-delhi-north-01,2026-08-31,0,224,28,18,10,8,8,18,18,0,293.6,30.3,175.4,112.2,45.3,7.5
phc-delhi-north-01,2026-09-01,1,157,28,19,9,8,8,18,18,0,182.8,21.9,168.4,67.0,39.6,6.0
phc-delhi-north-01,2026-09-02,2,179,28,19,9,8,7,18,17,0,252.6,19.8,149.3,83.9,45.0,6.5
phc-delhi-north-01,2026-09-03,3,171,28,19,9,8,8,18,18,0,230.6,22.8,144.7,82.6,40.8,4.6
phc-delhi-north-01,2026-09-04,4,167,28,18,10,8,7,18,18,0,204.6,20.9,132.2,70.1,31.3,5.7
phc-delhi-north-01,2026-09-05,5,166,28,18,10,8,8,18,17,0,212.2,20.6,138.3,79.6,38.7,6.2
phc-delhi-north-01,2026-09-06,6,107,28,19,9,8,8,18,17,0,129.5,16.1,96.6,45.5,23.7,4.1
phc-delhi-north-01,2026-09-07,0,245,28,19,9,8,8,18,18,0,302.7,35.9,212.4,121.3,63.1,9.5
phc-delhi-north-01,2026-09-08,1,178,28,19,9,8,8,18,18,0,233.7,22.5,165.4,80.1,35.2,5.8
phc-delhi-north-01,2026-09-09,2,165,28,18,10,8,7,18,18,0,180.0,26.6,147.4,87.4,33.9,6.3
phc-delhi-north-01,2026-09-10,3,160,28,19,9,8,8,18,18,0,209.1,20.6,127.7,69.0,37.7,4.7
phc-delhi-north-01,2026-09-11,4,184,28,19,9,8,7,18,17,0,205.4,27.3,160.5,83.6,36.4,5.2
phc-delhi-north-01,2026-09-12,5,180,28,17,11,8,8,18,18,0,182.2,26.9,148.5,82.3,42.2,5.9
phc-delhi-north-01,2026-09-13,6,115,28,17,11,8,6,18,18,0,148.4,17.1,87.8,53.9,25.2,4.0
phc-delhi-north-01,2026-09-14,0,225,28,18,10,8,8,18,18,0,308.6,35.7,203.3,119.6,59.5,8.6
phc-delhi-north-01,2026-09-15,1,180,28,18,10,8,8,18,15,0,208.4,29.1,140.5,99.6,41.6,5.4
phc-delhi-north-01,2026-09-16,2,180,28,17,11,8,6,18,15,0,170.6,28.0,161.4,92.4,45.9,6.3
phc-delhi-north-01,2026-09-17,3,166,28,19,9,8,8,18,18,0,238.3,23.2,155.4,90.4,33.8,5.5
phc-delhi-north-01,2026-09-18,4,192,28,17,11,8,8,18,18,0,269.2,29.4,170.9,97.0,47.9,7.3
phc-delhi-north-01,2026-09-19,5,182,28,19,9,8,6,18,18,0,163.2,24.7,158.4,77.3,41.6,6.2
phc-delhi-north-01,2026-09-20,6,130,28,18,10,8,8,18,18,0,180.5,16.7,108.9,68.2,29.3,4.7
phc-delhi-north-01,2026-09-21,0,233,28,17,11,8,7,18,17,0,297.2,30.0,215.8,104.8,52.6,8.8
phc-delhi-north-01,2026-09-22,1,175,28,19,9,8,8,18,18,0,219.5,25.3,153.3,78.4,37.8,5.7
phc-delhi-north-01,2026-09-23,2,165,28,18,10,8,8,18,18,0,192.9,22.5,139.4,83.0,39.5,5.4
phc-delhi-north-01,2026-09-24,3,158,28,17,11,8,8,18,18,0,169.8,25.1,119.0,73.0,35.9,6.0
phc-delhi-north-01,2026-09-25,4,170,28,17,11,8,8,18,18,0,215.7,19.5,139.3,84.1,38.1,7.6
phc-delhi-north-01,2026-09-26,5,180,28,18,10,8,8,18,18,0,194.3,20.4,147.0,76.2,30.4,6.6
phc-delhi-north-01,2026-09-27,6,129,28,19,9,8,7,18,17,0,160.9,14.6,106.6,67.2,28.2,3.9
phc-delhi-north-01,2026-09-28,0,218,28,18,10,8,7,18,18,0,306.2,29.7,204.8,99.1,38.5,7.3
phc-delhi-north-01,2026-09-29,1,180,28,17,11,8,6,18,18,0,257.1,29.3,186.9,85.0,40.8,5.3
phc-delhi-central-01,2026-08-01,5,168,22,14,8,7,7,14,14,0,178.1,21.4,132.6,84.2,35.4,6.1
phc-delhi-central-01,2026-08-02,6,96,22,15,7,7,7,14,14,0,129.2,12.8,75.7,45.0,23.6,3.4
phc-delhi-central-01,2026-08-03,0,180,22,15,7,7,7,14,14,0,226.5,24.3,161.2,89.0,41.1,7.2
phc-delhi-central-01,2026-08-04,1,158,22,14,8,7,7,14,14,0,189.0,20.1,121.7,70.8,35.8,5.4
phc-delhi-central-01,2026-08-05,2,123,22,15,7,7,7,14,14,0,116.3,20.6,89.9,66.0,26.1,4.0
phc-delhi-central-01,2026-08-06,3,137,22,14,8,7,7,14,12,0,172.8,26.7,92.2,77.1,29.3,4.9
phc-delhi-central-01,2026-08-07,4,149,22,14,8,7,7,14,13,0,171.2,21.4,115.3,65.7,31.0,5.9
phc-delhi-central-01,2026-08-08,5,144,22,14,8,7,6,14,14,0,160.2,21.7,130.8,81.9,31.1,5.4
phc-delhi-central-01,2026-08-09,6,98,22,15,7,7,7,14,14,0,132.8,14.4,84.9,50.3,18.4,3.0
phc-delhi-central-01,2026-08-10,0,205,22,15,7,7,6,14,13,0,224.1,31.4,189.5,112.9,42.4,7.0
phc-delhi-central-01,2026-08-11,1,130,22,14,8,7,6,14,12,0,149.9,17.3,97.7,55.6,29.5,4.5
phc-delhi-central-01,2026-08-12,2,156,22,14,8,7,7,14,14,0,209.8,23.5,138.8,86.3,31.1,6.4
phc-delhi-central-01,2026-08-13,3,161,22,15,7,7,6,14,14,0,188.6,20.1,149.5,73.4,33.7,5.2
phc-delhi-central-01,2026-08-14,4,127,22,15,7,7,7,14,13,0,124.7,18.3,87.3,60.5,24.1,5.3
phc-delhi-central-01,2026-08-15,5,161,22,14,8,7,7,14,13,0,195.2,26.8,147.9,75.6,38.5,5.9
phc-delhi-central-01,2026-08-16,6,101,22,13,9,7,7,14,14,0,139.6,15.0,86.5,47.5,20.1,3.6
phc-delhi-central-01,2026-08-17,0,191,22,14,8,7,6,14,13,0,200.7,26.6,169.7,87.7,41.4,6.8
phc-delhi-central-01,2026-08-18,1,146,22,14,8,7,7,14,14,0,183.7,17.3,137.5,66.8,31.8,5.8
phc-delhi-central-01,2026-08-19,2,135,22,15,7,7,7,14,14,0,139.4,18.8,105.0,72.8,29.5,4.5
phc-delhi-central-01,2026-08-20,3,134,22,15,7,7,6,14,14,0,130.7,18.0,116.1,67.2,28.0,4.7
phc-delhi-central-01,2026-08-21,4,120,22,14,8,7,7,14,12,0,134.5,19.7,107.1,56.8,24.5,4.3
phc-delhi-central-01,2026-08-22,5,139,22,15,7,7,7,14,14,0,178.7,15.5,131.8,64.5,31.9,5.4
phc-delhi-central-01,2026-08-23,6,87,22,13,9,7,7,14,14,0,97.0,13.6,83.5,41.1,17.8,2.9
phc-delhi-central-01,2026-08-24,0,182,22,15,7,7,7,14,14,0,185.3,26.3,181.8,87.5,40.9,6.8
phc-delhi-central-01,2026-08-25,1,135,22,15,7,7,7,14,13,0,189.6,22.0,109.0,62.9,30.5,4.8
phc-delhi-central-01,2026-08-26,2,165,22,15,7,7,7,14,14,0,194.3,23.8,139.5,88.9,29.2,5.9
phc-delhi-central-01,2026-08-27,3,128,22,13,9,7,7,14,14,0,165.3,20.6,101.3,69.5,24.8,5.1
phc-delhi-central-01,2026-08-28,4,144,22,14,8,7,5,14,14,0,201.3,22.3,113.5,71.6,27.6,5.3
phc-delhi-central-01,2026-08-29,5,155,22,14,8,7,7,14,14,0,151.2,24.9,125.5,68.1,33.3,4.8
phc-delhi-central-01,2026-08-30,6,100,22,14,8,7,7,14,13,0,125.9,13.5,83.8,51.6,17.8,4.0
phc-delhi-central-01,2026-08-31,0,189,22,13,9,7,6,14,14,0,217.5,26.7,152.6,93.8,41.3,5.5
phc-delhi-central-01,2026-09-01,1,154,22,15,7,7,7,14,12,0,200.4,17.0,129.6,69.5,35.3,5.6
phc-delhi-central-01,2026-09-02,2,142,22,15,7,7,6,14,14,0,158.3,15.9,113.3,72.8,28.8,5.0
phc-delhi-central-01,2026-09-03,3,142,22,14,8,7,7,14,14,0,149.3,20.1,136.7,70.3,29.3,5.2
phc-delhi-central-01,2026-09-04,4,144,22,14,8,7,7,14,13,0,160.8,23.3,111.9,72.8,28.1,5.3
phc-delhi-central-01,2026-09-05,5,146,22,15,7,7,7,14,14,0,149.5,19.4,136.2,73.7,35.3,5.4
phc-delhi-central-01,2026-09-06,6,89,22,15,7,7,7,14,13,0,103.3,12.0,74.1,45.3,21.8,3.4
phc-delhi-central-01,2026-09-07,0,191,22,14,8,7,7,14,14,0,194.0,21.7,173.9,74.4,40.5,7.0
phc-delhi-central-01,2026-09-08,1,152,22,15,7,7,7,14,13,0,190.2,22.7,119.8,77.2,32.1,5.1
phc-delhi-central-01,2026-09-09,2,161,22,15,7,7,7,14,14,0,207.4,26.6,114.2,73.2,32.8,6.0
phc-delhi-central-01,2026-09-10,3,137,22,15,7,7,7,14,14,0,176.9,21.2,120.2,63.9,23.8,4.7
phc-delhi-central-01,2026-09-11,4,156,22,14,8,7,7,14,14,0,167.2,26.0,115.6,76.3,37.8,4.8
phc-delhi-central-01,2026-09-12,5,152,22,14,8,7,7,14,14,0,199.5,21.7,118.9,77.5,32.6,4.8
phc-delhi-central-01,2026-09-13,6,95,22,15,7,7,7,14,14,0,120.9,13.7,85.9,50.4,21.7,3.4
phc-delhi-central-01,2026-09-14,0,174,22,15,7,7,7,14,14,0,193.9,27.2,129.5,67.1,41.0,5.6
phc-delhi-central-01,2026-09-15,1,153,22,14,8,7,7,14,13,0,166.8,24.3,145.3,74.4,33.9,5.7
phc-delhi-central-01,2026-09-16,2,140,22,14,8,7,7,14,14,0,168.5,16.9,111.9,65.3,28.9,4.9
phc-delhi-central-01,2026-09-17,3,153,22,14,8,7,6,14,11,0,207.0,22.1,114.4,65.5,39.3,4.8
phc-delhi-central-01,2026-09-18,4,136,22,13,9,7,7,14,14,0,181.8,22.3,123.7,72.0,32.4,4.8
phc-delhi-central-01,2026-09-19,5,163,22,15,7,7,7,14,14,0,236.4,20.5,133.5,81.5,35.7,5.1
phc-delhi-central-01,2026-09-20,6,106,22,13,9,7,7,14,14,0,156.7,16.6,110.6,54.2,20.4,4.4
phc-delhi-central-01,2026-09-21,0,187,22,14,8,7,7,14,14,0,260.1,27.7,181.2,77.7,35.5,6.4
phc-delhi-central-01,2026-09-22,1,156,22,14,8,7,6,14,14,0,220.8,21.0,130.5,80.6,37.8,6.1
phc-delhi-central-01,2026-09-23,2,136,22,14,8,7,6,14,14,0,174.3,18.8,109.6,63.1,31.2,4.8
phc-delhi-central-01,2026-09-24,3,143,22,14,8,7,7,14,14,0,168.8,15.9,113.2,62.3,30.7,4.9
phc-delhi-central-01,2026-09-25,4,162,22,14,8,7,7,14,14,0,184.2,23.1,143.2,78.8,35.4,5.0
phc-delhi-central-01,2026-09-26,5,167,22,14,8,7,7,14,14,0,236.6,20.8,136.9,73.4,39.2,5.9
phc-delhi-central-01,2026-09-27,6,92,22,15,7,7,6,14,14,0,122.6,12.2,71.8,44.5,22.0,3.3
phc-delhi-central-01,2026-09-28,0,164,22,14,8,7,7,14,14,0,181.0,21.2,141.8,88.2,37.2,5.7
phc-delhi-central-01,2026-09-29,1,140,22,15,7,7,6,14,13,0,171.3,19.4,124.2,50.2,32.9,5.0
phc-noida-sec22,2026-08-01,5,138,18,12,6,6,4,12,12,0,199.5,18.2,127.2,65.1,27.1,4.2
phc-noida-sec22,2026-08-02,6,102,18,11,7,6,6,12,10,0,106.6,13.5,81.4,48.6,23.4,3.7
phc-noida-sec22,2026-08-03,0,150,18,12,6,6,6,12,11,0,199.2,23.6,134.8,61.0,38.8,5.3
phc-noida-sec22,2026-08-04,1,146,18,12,6,6,6,12,12,0,152.6,21.0,125.9,65.8,32.6,5.9
phc-noida-sec22,2026-08-05,2,148,18,11,7,6,6,12,12,0,157.3,19.6,118.9,67.2,32.1,5.3
phc-noida-sec22,2026-08-06,3,112,18,12,6,6,6,12,11,0,134.7,13.8,111.3,64.0,25.0,4.3
phc-noida-sec22,2026-08-07,4,142,18,12,6,6,6,12,10,0,147.6,18.9,130.6,57.0,31.6,5.1
phc-noida-sec22,2026-08-08,5,141,18,11,7,6,6,12,12,0,188.7,22.5,116.2,50.1,29.9,4.9
phc-noida-sec22,2026-08-09,6,84,18,11,7,6,4,12,12,0,95.6,10.7,79.5,34.7,17.4,3.1
phc-noida-sec22,2026-08-10,0,190,18,12,6,6,6,12,10,0,223.8,25.7,180.6,85.5,42.0,6.7
phc-noida-sec22,2026-08-11,1,134,18,12,6,6,4,12,12,0,138.7,17.6,126.2,60.8,34.2,5.3
phc-noida-sec22,2026-08-12,2,143,18,12,6,6,5,12,12,0,157.9,20.9,137.1,53.4,33.0,3.8
phc-noida-sec22,2026-08-13,3,129,18,11,7,6,6,12,10,0,180.0,20.5,96.8,45.7,26.9,5.0
phc-noida-sec22,2026-08-14,4,121,18,12,6,6,6,12,12,0,175.6,19.6,109.8,53.4,26.5,4.2
phc-noida-sec22,2026-08-15,5,144,18,11,7,6,6,12,12,0,197.9,21.5,132.5,67.3,39.4,4.8
phc-noida-sec22,2026-08-16,6,87,18,12,6,6,6,12,12,0,85.2,12.1,78.7,42.3,18.9,2.6
phc-noida-sec22,2026-08-17,0,178,18,12,6,6,6,12,12,0,197.4,24.8,152.1,93.4,39.9,7.0
phc-noida-sec22,2026-08-18,1,144,18,12,6,6,6,12,10,0,150.9,20.7,112.2,64.7,29.1,4.5
phc-noida-sec22,2026-08-19,2,164,18,12,6,6,6,12,12,0,223.0,19.5,140.7,73.1,30.4,6.5
phc-noida-sec22,2026-08-20,3,153,18,12,6,6,5,12,12,0,225.9,18.3,146.4,81.9,30.4,5.9
phc-noida-sec22,2026-08-21,4,144,18,11,7,6,6,12,12,0,168.9,20.2,136.5,61.3,34.1,5.4
phc-noida-sec22,2026-08-22,5,149,18,11,7,6,6,12,12,0,179.4,21.1,124.4,74.4,35.1,5.6
phc-noida-sec22,2026-08-23,6,84,18,12,6,6,6,12,12,0,97.9,11.8,61.0,37.5,15.2,3.3
phc-noida-sec22,2026-08-24,0,186,18,11,7,6,6,12,12,0,236.5,24.4,154.4,95.9,42.6,6.7
phc-noida-sec22,2026-08-25,1,136,18,13,5,6,6,12,12,0,169.2,19.0,107.2,63.4,28.6,5.2
phc-noida-sec22,2026-08-26,2,133,18,12,6,6,6,12,11,0,166.1,19.6,118.1,58.6,29.7,4.8
phc-noida-sec22,2026-08-27,3,140,18,12,6,6,6,12,12,0,132.9,21.5,111.7,66.3,31.8,5.5
phc-noida-sec22,2026-08-28,4,149,18,12,6,6,5,12,12,0,197.2,22.7,112.2,77.4,32.6,5.3
phc-noida-sec22,2026-08-29,5,141,18,12,6,6,5,12,12,0,166.7,20.4,115.8,58.6,31.7,5.0
phc-noida-sec22,2026-08-30,6,104,18,12,6,6,6,12,11,0,131.5,15.8,99.2,55.2,24.9,3.5
phc-noida-sec22,2026-08-31,0,167,18,12,6,6,5,12,12,0,207.1,23.6,144.6,69.1,39.7,6.4
phc-noida-sec22,2026-09-01,1,132,18,12,6,6,6,12,12,0,165.1,18.6,96.1,55.0,29.9,3.6
phc-noida-sec22,2026-09-02,2,151,18,12,6,6,6,12,12,0,178.3,21.6,121.1,61.2,39.0,6.0
phc-noida-sec22,2026-09-03,3,136,18,11,7,6,5,12,12,0,143.6,14.6,125.5,59.9,23.9,4.8
phc-noida-sec22,2026-09-04,4,149,18,11,7,6,6,12,12,0,176.6,17.9,121.5,74.9,35.0,5.3
phc-noida-sec22,2026-09-05,5,137,18,12,6,6,6,12,12,0,128.6,19.5,133.1,56.1,28.4,5.0
phc-noida-sec22,2026-09-06,6,100,18,11,7,6,6,12,11,0,114.6,15.6,85.2,47.0,25.3,3.5
phc-noida-sec22,2026-09-07,0,179,18,13,5,6,5,12,12,0,219.6,25.1,137.3,97.1,42.0,5.9
phc-noida-sec22,2026-09-08,1,151,18,11,7,6,6,12,12,0,172.2,21.6,111.3,67.7,27.7,5.8
phc-noida-sec22,2026-09-09,2,137,18,12,6,6,6,12,12,0,161.9,18.6,104.3,58.1,31.5,4.5
phc-noida-sec22,2026-09-10,3,144,18,11,7,6,6,12,10,0,157.5,21.1,116.7,63.6,31.9,4.9
phc-noida-sec22,2026-09-11,4,142,18,12,6,6,6,12,12,0,167.6,20.3,108.7,61.2,26.9,4.2
phc-noida-sec22,2026-09-12,5,126,18,12,6,6,6,12,12,0,153.6,20.2,107.3,65.3,31.3,4.5
phc-noida-sec22,2026-09-13,6,82,18,11,7,6,6,12,12,0,94.6,11.3,66.9,34.7,17.3,2.9
phc-noida-sec22,2026-09-14,0,174,18,12,6,6,6,12,12,0,212.6,23.4,143.0,85.9,41.6,5.3
phc-noida-sec22,2026-09-15,1,128,18,12,6,6,6,12,12,0,172.6,18.6,98.3,59.5,26.4,4.2
phc-noida-sec22,2026-09-16,2,151,18,12,6,6,6,12,12,0,156.3,20.1,135.2,82.7,32.7,5.1
phc-noida-sec22,2026-09-17,3,149,18,12,6,6,6,12,11,0,172.3,20.5,109.0,75.7,30.4,5.1
phc-noida-sec22,2026-09-18,4,135,18,11,7,6,5,12,12,0,149.2,16.9,114.2,67.9,29.1,5.0
phc-noida-sec22,2026-09-19,5,131,18,12,6,6,5,12,12,0,135.3,18.6,99.1,53.6,26.7,5.1
phc-noida-sec22,2026-09-20,6,98,18,11,7,6,6,12,12,0,120.5,14.7,76.4,46.4,23.3,3.5
phc-noida-sec22,2026-09-21,0,174,18,12,6,6,6,12,12,0,211.8,26.4,158.1,88.4,35.2,4.9
phc-noida-sec22,2026-09-22,1,136,18,12,6,6,5,12,12,0,179.5,20.5,122.8,63.1,33.2,4.7
phc-noida-sec22,2026-09-23,2,134,18,12,6,6,6,12,11,0,182.1,16.1,120.6,59.6,25.3,4.8
phc-noida-sec22,2026-09-24,3,151,18,12,6,6,6,12,10,0,165.9,19.3,95.1,72.9,36.4,4.7
phc-noida-sec22,2026-09-25,4,149,18,12,6,6,6,12,12,0,196.0,21.8,111.7,72.8,35.0,6.0
phc-noida-sec22,2026-09-26,5,150,18,13,5,6,6,12,12,0,193.7,19.8,130.0,79.3,31.2,4.4
phc-noida-sec22,2026-09-27,6,102,18,12,6,6,5,12,12,0,129.0,14.9,84.3,42.7,23.6,3.3
phc-noida-sec22,2026-09-28,0,206,18,11,7,6,6,12,12,0,261.3,30.7,142.2,102.9,49.3,7.6
phc-noida-sec22,2026-09-29,1,139,18,12,6,6,5,12,12,0,156.7,20.2,121.8,54.1,36.7,5.5
phc-noida-sec62,2026-08-01,5,184,32,21,11,10,8,20,19,0,196.5,26.0,158.3,77.1,42.0,7.2
phc-noida-sec62,2026-08-02,6,138,32,21,11,10,10,20,20,0,169.6,15.3,123.8,62.6,36.2,4.5
phc-noida-sec62,2026-08-03,0,205,32,21,11,10,10,20,18,0,234.4,28.7,188.5,110.0,41.2,7.2
phc-noida-sec62,2026-08-04,1,182,32,20,12,10,9,20,20,0,254.3,26.4,141.3,87.1,40.1,6.7
phc-noida-sec62,2026-08-05,2,169,32,21,11,10,10,20,20,0,214.8,22.0,134.9,93.9,37.3,6.0
phc-noida-sec62,2026-08-06,3,180,32,20,12,10,10,20,20,0,214.3,23.7,145.6,92.4,37.5,6.2
phc-noida-sec62,2026-08-07,4,223,32,21,11,10,10,20,20,0,229.5,30.4,174.1,109.4,47.5,8.0
phc-noida-sec62,2026-08-08,5,205,32,21,11,10,10,20,20,0,217.7,20.6,160.1,107.8,47.4,7.0
phc-noida-sec62,2026-08-09,6,123,32,22,10,10,10,20,20,0,137.4,15.9,91.7,60.2,30.2,3.9
phc-noida-sec62,2026-08-10,0,238,32,19,13,10,8,20,20,0,264.5,33.9,211.6,116.5,47.0,8.5
phc-noida-sec62,2026-08-11,1,212,32,21,11,10,9,20,20,0,265.8,30.4,194.8,97.7,43.1,8.0
phc-noida-sec62,2026-08-12,2,207,32,20,12,10,10,20,19,0,210.2,28.6,168.1,100.5,43.9,5.8
phc-noida-sec62,2026-08-13,3,184,32,20,12,10,9,20,20,0,214.1,24.8,157.2,87.8,38.4,6.5
phc-noida-sec62,2026-08-14,4,191,32,19,13,10,10,20,18,0,255.3,25.7,144.5,104.7,41.5,6.8
phc-noida-sec62,2026-08-15,5,209,32,22,10,10,9,20,20,0,224.9,31.2,192.1,98.7,43.1,6.6
phc-noida-sec62,2026-08-16,6,113,32,22,10,10,10,20,19,0,134.8,16.2,93.2,61.6,24.4,4.0
phc-noida-sec62,2026-08-17,0,259,32,20,12,10,10,20,20,0,286.6,33.2,236.7,122.5,55.2,7.9
phc-noida-sec62,2026-08-18,1,189,32,20,12,10,10,20,20,0,248.5,27.0,165.6,80.8,37.9,7.8
phc-noida-sec62,2026-08-19,2,179,32,21,11,10,10,20,19,0,250.4,24.4,153.6,87.2,39.2,6.3
phc-noida-sec62,2026-08-20,3,149,32,22,10,10,10,20,20,0,185.6,21.5,107.4,52.7,34.1,5.2
phc-noida-sec62,2026-08-21,4,182,32,22,10,10,10,20,20,0,223.7,19.9,175.1,85.2,41.3,6.5
phc-noida-sec62,2026-08-22,5,209,32,19,13,10,8,20,20,0,244.1,23.9,170.0,108.3,44.6,7.1
phc-noida-sec62,2026-08-23,6,133,32,21,11,10,10,20,20,0,148.2,19.5,111.1,55.4,29.1,4.6
phc-noida-sec62,2026-08-24,0,256,32,21,11,10,8,20,20,0,315.8,34.0,199.2,115.7,53.6,9.3
phc-noida-sec62,2026-08-25,1,226,32,21,11,10,10,20,19,0,251.8,31.1,210.1,90.0,62.8,8.6
phc-noida-sec62,2026-08-26,2,186,32,22,10,10,10,20,20,0,156.1,27.5,162.0,79.5,36.9,5.9
phc-noida-sec62,2026-08-27,3,192,32,19,13,10,10,20,20,0,216.0,22.3,164.4,86.8,41.1,6.6
phc-noida-sec62,2026-08-28,4,197,32,21,11,10,9,20,20,0,237.5,29.1,198.5,90.0,44.7,5.7
phc-noida-sec62,2026-08-29,5,154,32,20,12,10,8,20,19,0,200.4,27.0,130.4,75.7,28.7,5.5
phc-noida-sec62,2026-08-30,6,143,32,22,10,10,10,20,20,0,161.1,21.0,102.6,60.5,36.0,4.8
phc-noida-sec62,2026-08-31,0,265,32,21,11,10,10,20,19,0,315.5,34.3,209.0,105.4,58.5,6.6
phc-noida-sec62,2026-09-01,1,199,32,22,10,10,10,20,19,0,243.8,24.8,173.1,105.4,40.1,8.0
phc-noida-sec62,2026-09-02,2,189,32,20,12,10,9,20,20,0,206.7,24.5,140.6,73.6,39.1,7.9
phc-noida-sec62,2026-09-03,3,194,32,20,12,10,10,20,20,0,229.7,25.7,142.5,83.1,34.1,6.7
phc-noida-sec62,2026-09-04,4,181,32,22,10,10,10,20,20,0,196.2,26.1,154.6,93.6,35.4,6.8
phc-noida-sec62,2026-09-05,5,213,32,19,13,10,10,20,20,0,294.2,31.6,190.3,97.8,39.9,7.3
phc-noida-sec62,2026-09-06,6,135,32,21,11,10,10,20,20,0,137.3,17.5,107.0,75.5,27.6,4.4
phc-noida-sec62,2026-09-07,0,214,32,20,12,10,8,20,18,0,240.6,32.2,178.3,97.9,47.3,6.2
phc-noida-sec62,2026-09-08,1,198,32,22,10,10,10,20,19,0,246.7,26.6,165.5,78.7,39.6,7.7
phc-noida-sec62,2026-09-09,2,202,32,20,12,10,9,20,20,0,283.6,27.1,183.4,85.8,47.8,7.2
phc-noida-sec62,2026-09-10,3,197,32,21,11,10,10,20,20,0,221.1,30.0,137.2,96.2,47.5,7.1
phc-noida-sec62,2026-09-11,4,225,32,19,13,10,10,20,20,0,244.6,29.7,152.3,108.5,48.3,6.6
phc-noida-sec62,2026-09-12,5,196,32,20,12,10,9,20,19,0,252.0,26.3,171.3,103.8,45.0,8.1
phc-noida-sec62,2026-09-13,6,133,32,21,11,10,10,20,20,0,148.9,19.0,93.4,60.4,26.1,4.7
phc-noida-sec62,2026-09-14,0,256,32,20,12,10,10,20,20,0,327.0,36.1,240.5,111.0,55.9,9.8
phc-noida-sec62,2026-09-15,1,195,32,22,10,10,10,20,20,0,219.8,26.2,154.4,80.2,43.5,7.2
phc-noida-sec62,2026-09-16,2,198,32,20,12,10,10,20,20,0,257.1,23.8,188.9,98.1,42.8,7.5
phc-noida-sec62,2026-09-17,3,198,32,22,10,10,8,20,20,0,249.2,30.7,153.5,98.4,43.0,7.5
phc-noida-sec62,2026-09-18,4,188,32,22,10,10,10,20,20,0,216.9,26.0,149.7,97.2,41.1,5.7
phc-noida-sec62,2026-09-19,5,206,32,21,11,10,10,20,18,0,238.5,22.4,199.1,88.1,51.0,7.9
phc-noida-sec62,2026-09-20,6,115,32,20,12,10,10,20,20,0,122.4,17.7,100.3,54.5,27.7,3.7
phc-noida-sec62,2026-09-21,0,236,32,21,11,10,9,20,20,0,316.4,32.1,193.8,118.9,44.9,8.4
phc-noida-sec62,2026-09-22,1,198,32,19,13,10,9,20,20,0,253.8,29.4,134.2,96.9,42.2,6.0
phc-noida-sec62,2026-09-23,2,195,32,20,12,10,10,20,20,0,260.9,28.1,186.8,96.3,37.9,5.9
phc-noida-sec62,2026-09-24,3,166,32,19,13,10,10,20,20,0,212.4,26.9,148.4,71.3,38.8,5.3
phc-noida-sec62,2026-09-25,4,185,32,20,12,10,10,20,19,0,224.4,26.9,162.3,100.2,46.0,6.8
phc-noida-sec62,2026-09-26,5,203,32,19,13,10,10,20,19,0,256.1,31.0,148.9,99.4,44.3,7.2
phc-noida-sec62,2026-09-27,6,119,32,20,12,10,10,20,20,0,142.3,14.0,105.4,53.8,28.5,4.2
phc-noida-sec62,2026-09-28,0,245,32,20,12,10,10,20,19,0,265.8,39.3,219.5,111.6,43.9,8.8
phc-noida-sec62,2026-09-29,1,189,32,20,12,10,10,20,20,0,190.9,27.6,157.2,94.2,44.5,6.8
phc-gr-noida-beta,2026-08-01,5,221,40,27,13,12,12,22,22,0,263.4,29.2,182.7,120.5,46.9,6.9
phc-gr-noida-beta,2026-08-02,6,142,40,24,16,12,12,22,20,0,162.1,22.0,126.7,82.3,34.9,5.5
phc-gr-noida-beta,2026-08-03,0,233,40,24,16,12,12,22,21,0,301.0,36.6,203.1,124.0,57.4,7.3
phc-gr-noida-beta,2026-08-04,1,223,40,27,13,12,12,22,21,0,261.7,33.6,169.8,127.9,40.1,7.3
phc-gr-noida-beta,2026-08-05,2,216,40,25,15,12,12,22,22,0,274.3,30.9,196.8,93.7,51.7,8.7
phc-gr-noida-beta,2026-08-06,3,186,40,25,15,12,11,22,22,0,199.3,30.5,143.9,91.2,44.2,6.1
phc-gr-noida-beta,2026-08-07,4,224,40,28,12,12,11,22,22,0,235.8,30.1,196.5,102.1,45.1,7.6
phc-gr-noida-beta,2026-08-08,5,202,40,27,13,12,12,22,22,0,213.9,33.4,162.0,105.0,45.4,6.4
phc-gr-noida-beta,2026-08-09,6,136,40,27,13,12,12,22,21,0,176.0,17.6,121.9,74.2,25.8,4.7
phc-gr-noida-beta,2026-08-10,0,250,40,26,14,12,10,22,22,0,291.7,39.5,221.5,135.7,53.8,9.6
phc-gr-noida-beta,2026-08-11,1,237,40,26,14,12,12,22,22,0,321.7,30.7,188.0,103.8,58.1,7.3
phc-gr-noida-beta,2026-08-12,2,210,40,28,12,12,11,22,21,0,288.3,27.9,179.5,97.7,51.5,5.3
phc-gr-noida-beta,2026-08-13,3,210,40,27,13,12,12,22,21,0,249.3,31.4,168.3,87.1,48.1,7.8
phc-gr-noida-beta,2026-08-14,4,188,40,27,13,12,12,22,22,0,234.3,28.5,148.9,63.9,43.5,5.8
phc-gr-noida-beta,2026-08-15,5,176,40,26,14,12,11,22,21,0,151.4,28.9,143.8,82.5,48.9,6.1
phc-gr-noida-beta,2026-08-16,6,121,40,25,15,12,11,22,22,0,145.9,18.0,110.1,70.6,25.8,3.8
phc-gr-noida-beta,2026-08-17,0,268,40,26,14,12,11,22,22,0,295.8,36.3,201.4,131.2,61.3,9.9
phc-gr-noida-beta,2026-08-18,1,166,40,24,16,12,10,22,21,0,212.2,19.4,147.9,71.3,39.5,5.3
phc-gr-noida-beta,2026-08-19,2,222,40,26,14,12,11,22,22,0,295.9,27.4,173.8,116.1,54.4,7.2
phc-gr-noida-beta,2026-08-20,3,198,40,25,15,12,12,22,22,0,235.6,28.4,184.3,100.0,42.7,6.8
phc-gr-noida-beta,2026-08-21,4,219,40,24,16,12,12,22,22,0,296.2,34.6,174.5,100.9,54.2,7.6
phc-gr-noida-beta,2026-08-22,5,220,40,27,13,12,12,22,21,0,247.9,32.6,194.7,109.4,48.8,7.7
phc-gr-noida-beta,2026-08-23,6,163,40,27,13,12,12,22,20,0,218.8,22.9,134.8,79.8,37.7,4.5
phc-gr-noida-beta,2026-08-24,0,307,40,26,14,12,12,22,21,0,427.1,43.1,229.9,146.6,60.5,11.3
phc-gr-noida-beta,2026-08-25,1,215,40,25,15,12,10,22,22,0,282.7,30.7,170.9,111.1,44.3,5.2
phc-gr-noida-beta,2026-08-26,2,212,40,27,13,12,12,22,22,0,232.3,30.0,200.1,99.2,45.5,7.1
phc-gr-noida-beta,2026-08-27,3,201,40,26,14,12,12,22,21,0,248.3,30.0,149.2,104.0,39.9,7.2
phc-gr-noida-beta,2026-08-28,4,227,40,25,15,12,12,22,22,0,300.4,34.3,193.2,98.3,53.2,8.0
phc-gr-noida-beta,2026-08-29,5,171,40,27,13,12,12,22,22,0,221.3,26.8,144.9,79.3,42.0,5.9
phc-gr-noida-beta,2026-08-30,6,114,40,26,14,12,12,22,21,0,108.2,15.7,94.3,52.5,24.8,4.1
phc-gr-noida-beta,2026-08-31,0,259,40,25,15,12,12,22,22,0,271.5,44.1,260.5,115.0,45.3,9.0
phc-gr-noida-beta,2026-09-01,1,216,40,25,15,12,12,22,22,0,240.0,32.2,209.8,99.3,51.1,6.1
phc-gr-noida-beta,2026-09-02,2,221,40,24,16,12,11,22,22,0,243.9,29.9,204.1,96.1,54.2,7.7
phc-gr-noida-beta,2026-09-03,3,188,40,24,16,12,12,22,20,0,224.2,27.0,161.2,97.4,45.2,5.9
phc-gr-noida-beta,2026-09-04,4,225,40,24,16,12,12,22,22,0,238.0,31.7,219.7,99.2,47.2,7.2
phc-gr-noida-beta,2026-09-05,5,186,40,27,13,12,12,22,22,0,238.5,25.7,176.5,94.0,32.0,6.2
phc-gr-noida-beta,2026-09-06,6,130,40,26,14,12,12,22,22,0,163.5,18.4,117.3,58.4,28.8,4.2
phc-gr-noida-beta,2026-09-07,0,271,40,27,13,12,12,22,22,0,302.9,32.8,228.6,108.2,60.8,9.5
phc-gr-noida-beta,2026-09-08,1,212,40,24,16,12,11,22,22,0,241.1,37.4,200.7,97.1,44.3,8.1
phc-gr-noida-beta,2026-09-09,2,182,40,25,15,12,12,22,20,0,203.5,27.9,170.1,99.4,36.6,6.7
phc-gr-noida-beta,2026-09-10,3,221,40,25,15,12,12,22,21,0,252.6,33.3,184.6,98.7,49.9,7.0
phc-gr-noida-beta,2026-09-11,4,182,40,24,16,12,12,22,22,0,181.5,22.6,165.1,92.6,38.5,5.7
phc-gr-noida-beta,2026-09-12,5,193,40,27,13,12,12,22,22,0,223.0,24.8,159.5,84.3,43.7,7.7
phc-gr-noida-beta,2026-09-13,6,116,40,28,12,12,12,22,22,0,154.0,15.6,111.9,62.9,29.8,4.2
phc-gr-noida-beta,2026-09-14,0,275,40,25,15,12,11,22,21,0,376.7,38.2,213.7,125.4,54.4,9.6
phc-gr-noida-beta,2026-09-15,1,206,40,26,14,12,12,22,21,0,235.8,30.4,175.2,111.0,49.8,6.2
phc-gr-noida-beta,2026-09-16,2,220,40,24,16,12,12,22,22,0,258.6,26.9,201.7,116.4,46.4,8.1
phc-gr-noida-beta,2026-09-17,3,202,40,26,14,12,11,22,21,0,250.3,24.4,168.3,107.2,44.2,7.4
phc-gr-noida-beta,2026-09-18,4,205,40,28,12,12,12,22,21,0,220.7,27.8,188.7,100.6,43.2,7.9
phc-gr-noida-beta,2026-09-19,5,198,40,26,14,12,12,22,21,0,213.6,21.9,143.5,82.0,49.6,7.0
phc-gr-noida-beta,2026-09-20,6,141,40,27,13,12,12,22,22,0,131.6,20.0,123.2,80.3,34.0,5.0
phc-gr-noida-beta,2026-09-21,0,255,40,26,14,12,12,22,22,0,302.5,37.7,202.5,121.8,60.1,11.7
phc-gr-noida-beta,2026-09-22,1,224,40,25,15,12,12,22,22,0,246.0,28.3,174.6,122.0,55.7,7.6
phc-gr-noida-beta,2026-09-23,2,231,40,24,16,12,12,22,19,0,321.5,34.7,196.5,108.2,51.2,7.7
phc-gr-noida-beta,2026-09-24,3,175,40,28,12,12,12,22,22,0,252.9,20.6,145.6,63.2,32.0,5.0
phc-gr-noida-beta,2026-09-25,4,228,40,25,15,12,12,22,21,0,239.8,35.9,208.0,115.3,53.8,9.9
phc-gr-noida-beta,2026-09-26,5,247,40,26,14,12,12,22,22,0,276.0,31.7,212.7,136.4,51.5,8.6
phc-gr-noida-beta,2026-09-27,6,117,40,25,15,12,12,22,21,0,150.6,17.0,102.8,54.6,22.6,3.6
phc-gr-noida-beta,2026-09-28,0,277,40,24,16,12,12,22,21,0,333.0,33.9,225.1,107.7,53.3,9.8
phc-gr-noida-beta,2026-09-29,1,214,40,26,14,12,10,22,22,0,226.5,29.3,193.0,86.7,48.0,7.6
phc-ghaziabad-indirapuram,2026-08-01,5,166,20,14,6,6,6,14,14,0,219.9,19.2,144.2,80.4,35.0,6.1
phc-ghaziabad-indirapuram,2026-08-02,6,108,20,13,7,6,6,14,14,0,106.0,14.1,79.0,60.7,23.5,3.6
phc-ghaziabad-indirapuram,2026-08-03,0,221,20,14,6,6,6,14,13,0,235.5,31.1,175.2,113.6,54.4,8.1
phc-ghaziabad-indirapuram,2026-08-04,1,179,20,14,6,6,6,14,12,0,192.7,25.2,135.8,86.6,37.5,7.9
phc-ghaziabad-indirapuram,2026-08-05,2,164,20,14,6,6,6,14,14,0,169.2,24.7,161.0,72.9,30.1,5.6
phc-ghaziabad-indirapuram,2026-08-06,3,153,20,12,8,6,6,14,13,0,178.6,21.4,132.0,74.2,35.1,5.8
phc-ghaziabad-indirapuram,2026-08-07,4,170,20,13,7,6,6,14,13,0,213.3,22.7,136.4,86.8,35.1,5.7
phc-ghaziabad-indirapuram,2026-08-08,5,179,20,14,6,6,6,14,12,0,212.1,24.5,163.5,88.7,48.3,5.7
phc-ghaziabad-indirapuram,2026-08-09,6,112,20,14,6,6,6,14,14,0,127.3,15.9,87.2,47.5,24.7,3.2
phc-ghaziabad-indirapuram,2026-08-10,0,195,20,13,7,6,6,14,14,0,252.6,30.0,157.4,92.2,39.6,6.1
phc-ghaziabad-indirapuram,2026-08-11,1,169,20,12,8,6,6,14,13,0,177.0,18.8,159.3,93.7,29.8,6.2
phc-ghaziabad-indirapuram,2026-08-12,2,168,20,13,7,6,6,14,14,0,194.2,24.0,129.7,94.6,34.6,5.9
phc-ghaziabad-indirapuram,2026-08-13,3,172,20,13,7,6,6,14,14,0,194.2,25.1,155.3,77.7,36.5,6.2
phc-ghaziabad-indirapuram,2026-08-14,4,163,20,13,7,6,6,14,14,0,218.3,21.7,124.3,78.7,36.2,5.1
phc-ghaziabad-indirapuram,2026-08-15,5,163,20,14,6,6,5,14,14,0,203.4,20.9,147.5,78.5,27.5,5.4
phc-ghaziabad-indirapuram,2026-08-16,6,110,20,13,7,6,6,14,14,0,126.3,16.0,99.1,57.9,28.6,4.0
phc-ghaziabad-indirapuram,2026-08-17,0,189,20,13,7,6,6,14,14,0,221.0,28.2,156.3,83.5,42.3,7.7
phc-ghaziabad-indirapuram,2026-08-18,1,161,20,14,6,6,6,14,13,0,181.6,19.0,148.1,80.6,32.0,5.3
phc-ghaziabad-indirapuram,2026-08-19,2,159,20,13,7,6,6,14,14,0,162.5,23.6,111.8,61.2,32.4,5.8
phc-ghaziabad-indirapuram,2026-08-20,3,169,20,14,6,6,6,14,13,0,224.9,22.4,124.5,87.0,42.0,7.4
phc-ghaziabad-indirapuram,2026-08-21,4,149,20,14,6,6,6,14,13,0,191.3,22.1,100.3,76.4,29.2,5.4
phc-ghaziabad-indirapuram,2026-08-22,5,183,20,13,7,6,6,14,14,0,206.3,28.0,180.0,91.9,34.2,5.8
phc-ghaziabad-indirapuram,2026-08-23,6,119,20,14,6,6,6,14,13,0,140.4,17.9,91.2,58.7,26.9,3.8
phc-ghaziabad-indirapuram,2026-08-24,0,203,20,13,7,6,6,14,14,0,237.0,31.9,158.7,99.3,41.7,6.9
phc-ghaziabad-indirapuram,2026-08-25,1,145,20,14,6,6,6,14,14,0,170.2,21.6,124.4,70.8,28.8,5.0
phc-ghaziabad-indirapuram,2026-08-26,2,180,20,14,6,6,6,14,14,0,226.3,20.8,144.8,84.2,40.6,7.1
phc-ghaziabad-indirapuram,2026-08-27,3,155,20,12,8,6,6,14,13,0,176.7,22.6,127.7,68.9,33.0,5.6
phc-ghaziabad-indirapuram,2026-08-28,4,177,20,12,8,6,6,14,14,0,205.4,28.9,146.3,66.3,31.2,6.2
phc-ghaziabad-indirapuram,2026-08-29,5,173,20,14,6,6,5,14,13,0,215.4,27.3,150.0,76.2,32.0,5.8
phc-ghaziabad-indirapuram,2026-08-30,6,90,20,13,7,6,4,14,14,0,108.7,11.4,75.0,36.7,22.5,3.1
phc-ghaziabad-indirapuram,2026-08-31,0,198,20,13,7,6,6,14,13,0,275.4,27.4,192.6,91.6,41.4,6.8
phc-ghaziabad-indirapuram,2026-09-01,1,189,20,13,7,6,4,14,12,0,240.6,25.0,151.2,85.1,37.8,7.7
phc-ghaziabad-indirapuram,2026-09-02,2,176,20,14,6,6,6,14,14,0,211.7,22.0,155.2,81.5,33.7,7.5
phc-ghaziabad-indirapuram,2026-09-03,3,150,20,12,8,6,6,14,12,0,181.9,21.3,109.5,77.8,33.8,5.6
phc-ghaziabad-indirapuram,2026-09-04,4,140,20,13,7,6,6,14,14,0,173.2,19.6,126.1,68.6,28.6,5.3
phc-ghaziabad-indirapuram,2026-09-05,5,160,20,13,7,6,6,14,14,0,177.3,24.4,126.4,81.8,33.9,4.5
phc-ghaziabad-indirapuram,2026-09-06,6,102,20,12,8,6,6,14,14,0,108.0,14.0,65.8,41.8,21.5,3.1
phc-ghaziabad-indirapuram,2026-09-07,0,219,20,12,8,6,6,14,13,0,261.3,34.3,192.5,104.5,45.3,7.2
phc-ghaziabad-indirapuram,2026-09-08,1,154,20,13,7,6,5,14,14,0,174.8,23.0,129.1,88.7,37.7,5.3
phc-ghaziabad-indirapuram,2026-09-09,2,159,20,13,7,6,6,14,14,0,178.8,21.6,121.1,74.8,34.9,5.9
phc-ghaziabad-indirapuram,2026-09-10,3,179,20,13,7,6,6,14,13,0,198.7,26.0,164.7,86.7,37.1,5.9
phc-ghaziabad-indirapuram,2026-09-11,4,170,20,12,8,6,5,14,14,0,200.5,27.7,141.9,81.4,35.6,6.6
phc-ghaziabad-indirapuram,2026-09-12,5,191,20,13,7,6,4,14,14,0,239.5,28.2,160.5,79.1,46.1,7.6
phc-ghaziabad-indirapuram,2026-09-13,6,97,20,13,7,6,6,14,14,0,114.9,12.7,64.4,54.0,22.8,3.6
phc-ghaziabad-indirapuram,2026-09-14,0,209,20,14,6,6,5,14,13,0,216.1,27.4,146.4,88.1,45.5,6.7
phc-ghaziabad-indirapuram,2026-09-15,1,155,20,12,8,6,5,14,14,0,197.9,22.3,147.5,63.1,35.8,5.8
phc-ghaziabad-indirapuram,2026-09-16,2,149,20,13,7,6,6,14,14,0,151.9,19.5,116.8,67.1,35.6,5.2
phc-ghaziabad-indirapuram,2026-09-17,3,147,20,14,6,6,6,14,14,0,199.2,19.0,141.4,72.0,31.8,6.4
phc-ghaziabad-indirapuram,2026-09-18,4,213,20,18,2,6,6,14,14,1,468.5,28.4,571.3,135.8,120.7,15.7
phc-ghaziabad-indirapuram,2026-09-19,5,189,20,18,2,6,5,14,14,1,389.0,30.3,410.5,135.1,99.2,10.2
phc-ghaziabad-indirapuram,2026-09-20,6,155,20,19,1,6,6,14,14,1,390.5,24.4,333.5,108.3,79.8,11.7
phc-ghaziabad-indirapuram,2026-09-21,0,312,20,19,1,6,6,14,14,1,711.2,45.5,665.8,201.8,148.6,15.8
phc-ghaziabad-indirapuram,2026-09-22,1,234,20,18,2,6,6,14,14,1,543.8,39.1,622.4,144.0,138.6,14.2
phc-ghaziabad-indirapuram,2026-09-23,2,272,20,18,2,6,6,14,14,1,693.7,48.3,567.9,178.1,132.8,17.8
phc-ghaziabad-indirapuram,2026-09-24,3,256,20,19,1,6,6,14,14,1,482.0,33.7,604.6,180.4,130.8,18.7
phc-ghaziabad-indirapuram,2026-09-25,4,220,20,19,1,6,6,14,14,1,546.7,34.0,518.3,174.0,128.2,14.0
phc-ghaziabad-indirapuram,2026-09-26,5,225,20,17,3,6,6,14,14,1,382.0,34.4,505.9,181.3,113.4,14.1
phc-ghaziabad-indirapuram,2026-09-27,6,142,20,18,2,6,5,14,14,1,297.5,22.7,290.6,103.7,76.1,9.2
phc-ghaziabad-indirapuram,2026-09-28,0,290,20,18,2,6,6,14,13,1,707.9,43.2,675.7,196.3,173.3,14.7
phc-ghaziabad-indirapuram,2026-09-29,1,237,20,18,2,6,6,14,14,1,618.6,39.9,514.5,160.6,123.5,16.6
phc-ghaziabad-rajnagar,2026-08-01,5,191,35,23,12,11,10,20,20,0,210.7,25.7,166.3,94.0,42.0,6.2
phc-ghaziabad-rajnagar,2026-08-02,6,140,35,23,12,11,11,20,20,0,179.7,21.0,98.4,76.2,38.5,4.9
phc-ghaziabad-rajnagar,2026-08-03,0,243,35,23,12,11,11,20,19,0,374.0,30.3,209.1,114.9,56.2,8.6
phc-ghaziabad-rajnagar,2026-08-04,1,187,35,21,14,11,10,20,20,0,211.7,22.3,178.9,85.3,35.9,6.4
phc-ghaziabad-rajnagar,2026-08-05,2,206,35,22,13,11,11,20,20,0,204.0,29.7,177.6,93.5,43.6,7.7
phc-ghaziabad-rajnagar,2026-08-06,3,200,35,24,11,11,10,20,20,0,237.5,29.7,169.6,93.9,44.3,6.6
phc-ghaziabad-rajnagar,2026-08-07,4,199,35,23,12,11,10,20,19,0,189.0,31.4,164.7,78.3,44.9,7.1
phc-ghaziabad-rajnagar,2026-08-08,5,199,35,24,11,11,11,20,19,0,249.6,27.1,178.6,77.3,41.9,8.2
phc-ghaziabad-rajnagar,2026-08-09,6,125,35,23,12,11,11,20,19,0,140.9,16.9,80.7,51.8,24.5,4.4
phc-ghaziabad-rajnagar,2026-08-10,0,263,35,21,14,11,11,20,19,0,297.5,35.8,236.5,144.1,54.2,9.3
phc-ghaziabad-rajnagar,2026-08-11,1,211,35,22,13,11,11,20,20,0,228.1,29.9,178.4,106.2,49.9,6.5
phc-ghaziabad-rajnagar,2026-08-12,2,205,35,24,11,11,11,20,20,0,280.2,24.8,170.8,88.1,47.7,6.9
phc-ghaziabad-rajnagar,2026-08-13,3,196,35,24,11,11,11,20,18,0,255.3,22.2,170.9,88.6,42.3,6.4
phc-ghaziabad-rajnagar,2026-08-14,4,237,35,24,11,11,11,20,20,0,338.1,32.6,215.5,104.2,53.7,7.2
phc-ghaziabad-rajnagar,2026-08-15,5,212,35,24,11,11,11,20,20,0,245.3,32.2,157.2,108.7,46.9,8.6
phc-ghaziabad-rajnagar,2026-08-16,6,124,35,23,12,11,11,20,20,0,124.6,13.0,108.5,60.4,26.5,4.3
phc-ghaziabad-rajnagar,2026-08-17,0,320,35,22,13,11,10,20,17,0,374.1,46.5,290.9,183.0,55.1,11.1
phc-ghaziabad-rajnagar,2026-08-18,1,225,35,22,13,11,11,20,20,0,299.8,36.0,195.4,98.9,37.4,8.4
phc-ghaziabad-rajnagar,2026-08-19,2,192,35,23,12,11,11,20,17,0,234.5,31.8,173.0,86.2,41.1,8.0
phc-ghaziabad-rajnagar,2026-08-20,3,189,35,21,14,11,10,20,20,0,221.4,26.1,142.9,98.2,42.3,6.3
phc-ghaziabad-rajnagar,2026-08-21,4,174,35,22,13,11,11,20,19,0,239.0,20.8,175.5,70.0,36.9,6.1
phc-ghaziabad-rajnagar,2026-08-22,5,226,35,23,12,11,11,20,20,0,277.8,30.2,203.9,97.9,42.9,6.5
phc-ghaziabad-rajnagar,2026-08-23,6,110,35,21,14,11,11,20,19,0,125.2,13.5,102.5,45.5,23.8,3.8
phc-ghaziabad-rajnagar,2026-08-24,0,261,35,22,13,11,11,20,20,0,293.3,37.3,229.8,113.9,64.7,8.2
phc-ghaziabad-rajnagar,2026-08-25,1,178,35,23,12,11,11,20,20,0,221.7,20.8,144.5,93.8,40.2,5.4
phc-ghaziabad-rajnagar,2026-08-26,2,197,35,22,13,11,11,20,20,0,231.0,29.6,144.0,80.2,45.3,7.6
phc-ghaziabad-rajnagar,2026-08-27,3,179,35,24,11,11,11,20,19,0,238.0,18.8,156.9,103.9,39.2,5.0
phc-ghaziabad-rajnagar,2026-08-28,4,194,35,21,14,11,11,20,20,0,271.7,24.7,173.2,92.3,48.0,7.1
phc-ghaziabad-rajnagar,2026-08-29,5,201,35,22,13,11,11,20,19,0,219.6,27.0,179.2,101.4,53.0,7.1
phc-ghaziabad-rajnagar,2026-08-30,6,122,35,24,11,11,11,20,20,0,156.2,17.4,115.9,60.9,24.2,3.9
phc-ghaziabad-rajnagar,2026-08-31,0,258,35,23,12,11,11,20,20,0,238.0,41.0,258.6,149.7,60.8,8.7
phc-ghaziabad-rajnagar,2026-09-01,1,202,35,21,14,11,11,20,20,0,254.3,30.6,161.4,108.3,37.0,6.0
phc-ghaziabad-rajnagar,2026-09-02,2,207,35,22,13,11,11,20,19,0,249.0,31.0,166.7,101.9,46.1,8.5
phc-ghaziabad-rajnagar,2026-09-03,3,189,35,23,12,11,11,20,20,0,227.6,22.8,182.6,91.9,45.1,7.4
phc-ghaziabad-rajnagar,2026-09-04,4,211,35,23,12,11,10,20,18,0,238.2,29.2,172.6,89.5,47.1,7.6
phc-ghaziabad-rajnagar,2026-09-05,5,185,35,24,11,11,10,20,19,0,199.8,30.1,188.6,92.3,47.2,6.1
phc-ghaziabad-rajnagar,2026-09-06,6,125,35,22,13,11,10,20,19,0,150.6,19.1,93.3,61.8,24.1,4.3
phc-ghaziabad-rajnagar,2026-09-07,0,269,35,23,12,11,11,20,20,0,286.8,35.3,207.1,122.0,57.9,10.2
phc-ghaziabad-rajnagar,2026-09-08,1,200,35,22,13,11,11,20,18,0,201.9,31.1,166.8,84.7,45.0,7.1
phc-ghaziabad-rajnagar,2026-09-09,2,237,35,23,12,11,10,20,20,0,291.5,34.5,251.7,110.6,50.5,8.4
phc-ghaziabad-rajnagar,2026-09-10,3,223,35,21,14,11,11,20,20,0,227.3,29.0,153.4,99.3,46.5,7.9
phc-ghaziabad-rajnagar,2026-09-11,4,237,35,22,13,11,11,20,20,0,307.7,35.9,220.7,127.6,63.6,8.0
phc-ghaziabad-rajnagar,2026-09-12,5,207,35,24,11,11,11,20,20,0,238.1,31.5,152.3,106.8,47.3,8.1
phc-ghaziabad-rajnagar,2026-09-13,6,126,35,23,12,11,10,20,20,0,191.1,18.7,107.6,64.8,26.7,5.5
phc-ghaziabad-rajnagar,2026-09-14,0,260,35,24,11,11,11,20,20,0,303.5,35.2,232.8,133.1,58.0,8.3
phc-ghaziabad-rajnagar,2026-09-15,1,233,35,23,12,11,11,20,20,0,242.2,37.0,228.7,115.4,57.5,8.3
phc-ghaziabad-rajnagar,2026-09-16,2,203,35,22,13,11,11,20,20,0,235.5,28.0,185.9,97.8,46.0,7.4
phc-ghaziabad-rajnagar,2026-09-17,3,209,35,21,14,11,11,20,20,0,252.6,31.4,157.3,101.2,47.1,6.8
phc-ghaziabad-rajnagar,2026-09-18,4,195,35,23,12,11,11,20,19,0,239.4,26.4,134.7,82.6,44.4,6.2
phc-ghaziabad-rajnagar,2026-09-19,5,222,35,23,12,11,11,20,19,0,260.9,27.9,204.2,97.6,51.5,7.5
phc-ghaziabad-rajnagar,2026-09-20,6,132,35,23,12,11,11,20,20,0,160.7,20.2,126.5,54.2,31.4,4.2
phc-ghaziabad-rajnagar,2026-09-21,0,251,35,24,11,11,11,20,19,0,277.0,31.1,236.6,113.6,55.5,9.6
phc-ghaziabad-rajnagar,2026-09-22,1,197,35,24,11,11,11,20,18,0,235.3,21.7,165.0,107.1,52.9,6.6
phc-ghaziabad-rajnagar,2026-09-23,2,181,35,23,12,11,11,20,20,0,200.4,23.1,165.0,90.8,39.2,5.8
phc-ghaziabad-rajnagar,2026-09-24,3,207,35,22,13,11,10,20,18,0,209.5,23.4,191.6,86.3,37.5,7.0
phc-ghaziabad-rajnagar,2026-09-25,4,233,35,24,11,11,10,20,20,0,254.9,33.1,190.5,97.1,53.0,7.9
phc-ghaziabad-rajnagar,2026-09-26,5,202,35,23,12,11,11,20,20,0,213.1,28.8,189.8,89.9,44.0,8.0
phc-ghaziabad-rajnagar,2026-09-27,6,132,35,23,12,11,10,20,20,0,175.6,16.5,104.6,69.4,21.2,4.6
phc-ghaziabad-rajnagar,2026-09-28,0,227,35,21,14,11,11,20,20,0,259.4,27.1,212.7,95.2,43.1,8.0
phc-ghaziabad-rajnagar,2026-09-29,1,221,35,23,12,11,11,20,20,0,254.6,31.3,186.7,99.1,53.4,7.8
phc-ghaziabad-rural,2026-08-01,5,91,15,9,6,4,4,8,8,0,95.0,14.6,77.5,41.7,14.2,3.3
phc-ghaziabad-rural,2026-08-02,6,66,15,10,5,4,4,8,7,0,67.9,9.6,60.8,29.7,14.9,2.2
phc-ghaziabad-rural,2026-08-03,0,117,15,10,5,4,4,8,8,0,105.5,17.7,88.3,66.1,23.0,3.7
phc-ghaziabad-rural,2026-08-04,1,99,15,9,6,4,3,8,8,0,111.6,14.5,88.7,50.6,18.1,3.8
phc-ghaziabad-rural,2026-08-05,2,91,15,10,5,4,4,8,8,0,105.3,9.9,74.2,47.0,20.6,3.1
phc-ghaziabad-rural,2026-08-06,3,87,15,9,6,4,4,8,7,0,102.8,12.6,69.5,42.3,19.3,3.3
phc-ghaziabad-rural,2026-08-07,4,102,15,9,6,4,4,8,7,0,128.4,13.2,83.4,60.7,20.7,3.5
phc-ghaziabad-rural,2026-08-08,5,92,15,10,5,4,2,8,8,0,97.1,13.0,79.1,45.0,22.1,3.5
phc-ghaziabad-rural,2026-08-09,6,59,15,10,5,4,4,8,8,0,66.4,8.8,53.5,32.4,12.7,2.2
phc-ghaziabad-rural,2026-08-10,0,128,15,9,6,4,4,8,8,0,148.3,16.9,106.4,52.6,30.9,5.0
phc-ghaziabad-rural,2026-08-11,1,80,15,10,5,4,4,8,7,0,105.4,13.5,62.7,41.1,15.7,2.8
phc-ghaziabad-rural,2026-08-12,2,107,15,10,5,4,4,8,7,0,144.2,15.0,87.4,58.1,22.4,3.2
phc-ghaziabad-rural,2026-08-13,3,91,15,10,5,4,3,8,8,0,116.0,11.1,82.9,44.5,19.5,3.1
phc-ghaziabad-rural,2026-08-14,4,91,15,10,5,4,4,8,6,0,99.1,12.6,76.2,43.0,20.1,3.2
phc-ghaziabad-rural,2026-08-15,5,92,15,10,5,4,4,8,8,0,124.5,15.6,84.6,44.1,19.5,3.0
phc-ghaziabad-rural,2026-08-16,6,52,15,10,5,4,4,8,8,0,68.0,8.1,41.9,26.7,13.0,2.1
phc-ghaziabad-rural,2026-08-17,0,116,15,9,6,4,4,8,8,0,107.2,16.8,91.9,57.9,25.9,4.9
phc-ghaziabad-rural,2026-08-18,1,84,15,10,5,4,4,8,6,0,121.5,10.1,67.7,39.8,19.3,3.3
phc-ghaziabad-rural,2026-08-19,2,95,15,10,5,4,3,8,8,0,97.8,12.0,94.7,50.0,19.0,3.1
phc-ghaziabad-rural,2026-08-20,3,91,15,10,5,4,4,8,8,0,112.8,11.7,74.5,45.9,21.1,3.6
phc-ghaziabad-rural,2026-08-21,4,94,15,10,5,4,4,8,8,0,116.3,13.2,84.2,42.2,19.9,3.6
phc-ghaziabad-rural,2026-08-22,5,105,15,10,5,4,2,8,8,0,132.2,14.4,79.1,46.3,26.1,3.7
phc-ghaziabad-rural,2026-08-23,6,59,15,10,5,4,4,8,8,0,74.4,8.1,45.1,21.7,12.5,2.0
phc-ghaziabad-rural,2026-08-24,0,117,15,10,5,4,4,8,8,0,147.5,17.2,80.6,55.4,22.2,4.5
phc-ghaziabad-rural,2026-08-25,1,101,15,9,6,4,4,8,8,0,110.3,13.5,80.7,48.6,23.9,3.9
phc-ghaziabad-rural,2026-08-26,2,93,15,10,5,4,4,8,8,0,94.8,11.7,69.7,49.1,19.0,3.3
phc-ghaziabad-rural,2026-08-27,3,92,15,10,5,4,4,8,7,0,96.4,12.2,75.3,43.5,19.5,3.1
phc-ghaziabad-rural,2026-08-28,4,92,15,10,5,4,4,8,8,0,111.8,9.8,63.9,46.9,22.3,2.9
phc-ghaziabad-rural,2026-08-29,5,93,15,9,6,4,3,8,8,0,114.9,10.3,85.0,45.7,18.4,2.8
phc-ghaziabad-rural,2026-08-30,6,62,15,10,5,4,3,8,8,0,75.2,7.9,57.7,31.7,12.2,2.3
phc-ghaziabad-rural,2026-08-31,0,128,15,9,6,4,4,8,8,0,171.8,15.9,116.0,66.3,28.7,3.9
phc-ghaziabad-rural,2026-09-01,1,109,15,10,5,4,4,8,5,0,147.4,16.0,81.3,59.8,27.7,4.2
phc-ghaziabad-rural,2026-09-02,2,89,15,9,6,4,4,8,8,0,103.5,12.5,88.5,34.8,16.8,3.4
phc-ghaziabad-rural,2026-09-03,3,82,15,10,5,4,4,8,8,0,98.6,10.6,73.7,41.2,20.8,3.2
phc-ghaziabad-rural,2026-09-04,4,90,15,10,5,4,4,8,8,0,116.9,11.9,72.7,39.3,16.2,2.1
phc-ghaziabad-rural,2026-09-05,5,104,15,9,6,4,4,8,8,0,105.1,13.4,91.9,52.8,22.8,4.1
phc-ghaziabad-rural,2026-09-06,6,64,15,9,6,4,4,8,8,0,71.1,8.8,55.1,35.8,13.7,2.5
phc-ghaziabad-rural,2026-09-07,0,123,15,10,5,4,3,8,8,0,147.3,18.4,120.0,57.9,27.7,4.9
phc-ghaziabad-rural,2026-09-08,1,94,15,10,5,4,3,8,7,0,97.9,13.1,75.8,49.8,21.6,2.8
phc-ghaziabad-rural,2026-09-09,2,97,15,9,6,4,4,8,8,0,113.0,13.9,80.2,39.4,24.7,3.4
phc-ghaziabad-rural,2026-09-10,3,106,15,10,5,4,4,8,8,0,123.9,11.8,78.9,53.5,26.9,3.3
phc-ghaziabad-rural,2026-09-11,4,92,15,9,6,4,4,8,8,0,96.2,13.0,85.3,46.0,20.1,2.7
phc-ghaziabad-rural,2026-09-12,5,89,15,10,5,4,4,8,6,0,108.8,13.6,80.8,45.8,22.8,3.5
phc-ghaziabad-rural,2026-09-13,6,61,15,10,5,4,4,8,6,0,81.2,10.6,44.4,28.6,10.2,2.2
phc-ghaziabad-rural,2026-09-14,0,122,15,10,5,4,4,8,8,0,145.8,19.7,108.0,59.9,23.8,3.9
phc-ghaziabad-rural,2026-09-15,1,89,15,9,6,4,4,8,8,0,98.7,12.0,78.5,37.1,18.8,3.1
phc-ghaziabad-rural,2026-09-16,2,87,15,9,6,4,4,8,7,0,123.2,10.7,71.5,44.4,22.6,3.2
phc-ghaziabad-rural,2026-09-17,3,103,15,9,6,4,4,8,8,0,107.9,16.6,86.6,50.9,24.5,3.4
phc-ghaziabad-rural,2026-09-18,4,102,15,9,6,4,4,8,8,0,89.3,13.6,71.7,49.5,22.2,3.4
phc-ghaziabad-rural,2026-09-19,5,97,15,10,5,4,4,8,6,0,127.3,14.6,82.7,42.4,19.9,3.2
phc-ghaziabad-rural,2026-09-20,6,60,15,10,5,4,3,8,8,0,73.9,7.3,52.1,26.7,10.9,1.9
phc-ghaziabad-rural,2026-09-21,0,110,15,10,5,4,4,8,7,0,128.9,16.1,98.4,47.1,26.6,4.3
phc-ghaziabad-rural,2026-09-22,1,117,15,14,1,4,3,8,8,1,244.8,17.7,289.2,69.5,60.2,8.3
phc-ghaziabad-rural,2026-09-23,2,104,15,13,2,4,4,8,7,1,262.6,18.3,262.8,71.9,44.1,6.9
phc-ghaziabad-rural,2026-09-24,3,139,15,14,1,4,4,8,7,1,314.4,19.1,358.2,106.6,73.9,7.5
phc-ghaziabad-rural,2026-09-25,4,112,15,13,2,4,3,8,8,1,228.7,20.3,289.1,68.6,60.0,6.6
phc-ghaziabad-rural,2026-09-26,5,135,15,13,2,4,3,8,7,1,323.5,20.7,329.3,98.2,71.9,8.4
phc-ghaziabad-rural,2026-09-27,6,89,15,13,2,4,4,8,8,1,182.6,12.4,177.9,62.9,44.6,5.5
phc-ghaziabad-rural,2026-09-28,0,172,15,14,1,4,4,8,8,1,362.1,29.3,376.9,116.5,105.4,11.8
phc-ghaziabad-rural,2026-09-29,1,133,15,13,2,4,4,8,6,1,312.3,23.9,231.5,93.1,85.2,8.6
phc-meerut-cantt,2026-08-01,5,272,45,26,19,14,14,26,26,0,305.9,44.5,212.2,140.1,52.1,9.3
phc-meerut-cantt,2026-08-02,6,168,45,27,18,14,12,26,26,0,225.8,23.5,143.6,78.5,39.5,5.6
phc-meerut-cantt,2026-08-03,0,323,45,26,19,14,14,26,26,0,343.7,37.9,255.4,163.4,75.0,13.8
phc-meerut-cantt,2026-08-04,1,223,45,25,20,14,13,26,26,0,242.2,28.4,145.0,124.9,44.8,7.7
phc-meerut-cantt,2026-08-05,2,223,45,23,22,14,14,26,26,0,286.2,25.5,212.1,125.2,37.6,7.4
phc-meerut-cantt,2026-08-06,3,232,45,26,19,14,14,26,26,0,278.3,30.7,236.5,131.8,46.6,8.6
phc-meerut-cantt,2026-08-07,4,254,45,27,18,14,14,26,26,0,286.6,32.5,206.8,125.5,66.1,8.5
phc-meerut-cantt,2026-08-08,5,249,45,25,20,14,14,26,26,0,281.5,34.0,198.2,112.8,65.0,8.0
phc-meerut-cantt,2026-08-09,6,186,45,27,18,14,14,26,26,0,233.0,28.0,160.1,84.7,44.8,6.0
phc-meerut-cantt,2026-08-10,0,279,45,25,20,14,14,26,26,0,339.9,37.9,222.5,146.0,56.3,11.6
phc-meerut-cantt,2026-08-11,1,277,45,26,19,14,14,26,26,0,340.9,35.7,252.2,146.1,59.1,9.0
phc-meerut-cantt,2026-08-12,2,270,45,23,22,14,14,26,26,0,341.9,35.0,222.6,108.5,60.5,9.4
phc-meerut-cantt,2026-08-13,3,226,45,23,22,14,14,26,26,0,266.1,26.6,155.4,108.8,46.4,7.0
phc-meerut-cantt,2026-08-14,4,240,45,23,22,14,14,26,26,0,252.2,35.1,189.6,109.0,49.0,7.5
phc-meerut-cantt,2026-08-15,5,239,45,23,22,14,14,26,26,0,244.5,35.4,215.3,111.7,47.4,7.9
phc-meerut-cantt,2026-08-16,6,147,45,24,21,14,14,26,26,0,164.3,23.0,138.3,61.5,28.8,6.5
phc-meerut-cantt,2026-08-17,0,342,45,23,22,14,14,26,25,0,409.1,45.5,340.5,147.2,73.2,10.7
phc-meerut-cantt,2026-08-18,1,240,45,25,20,14,13,26,26,0,295.1,33.6,221.9,120.7,60.4,8.0
phc-meerut-cantt,2026-08-19,2,232,45,26,19,14,14,26,25,0,242.2,34.7,229.7,122.6,41.5,7.6
phc-meerut-cantt,2026-08-20,3,235,45,27,18,14,14,26,26,0,271.6,35.2,173.1,126.0,44.1,7.7
phc-meerut-cantt,2026-08-21,4,221,45,26,19,14,14,26,24,0,218.7,31.0,176.7,114.2,49.4,7.8
phc-meerut-cantt,2026-08-22,5,229,45,26,19,14,14,26,25,0,280.2,33.8,183.4,109.1,50.1,8.7
phc-meerut-cantt,2026-08-23,6,143,45,23,22,14,14,26,26,0,170.7,20.2,150.4,70.7,32.3,4.6
phc-meerut-cantt,2026-08-24,0,341,45,25,20,14,14,26,26,0,397.9,44.5,253.5,154.6,64.5,14.4
phc-meerut-cantt,2026-08-25,1,240,45,26,19,14,14,26,25,0,286.3,30.0,226.9,111.9,50.2,8.2
phc-meerut-cantt,2026-08-26,2,240,45,23,22,14,14,26,26,0,308.6,32.8,218.4,124.2,61.3,9.5
phc-meerut-cantt,2026-08-27,3,266,45,25,20,14,12,26,25,0,365.3,38.9,233.5,156.3,42.6,9.1
phc-meerut-cantt,2026-08-28,4,264,45,25,20,14,14,26,26,0,352.8,38.4,231.4,112.4,51.4,9.5
phc-meerut-cantt,2026-08-29,5,214,45,23,22,14,14,26,26,0,243.1,27.9,186.3,100.2,51.1,7.2
phc-meerut-cantt,2026-08-30,6,132,45,24,21,14,13,26,24,0,170.5,17.7,117.4,53.7,31.4,4.4
phc-meerut-cantt,2026-08-31,0,300,45,24,21,14,14,26,26,0,356.7,43.4,282.0,137.5,70.4,7.6
phc-meerut-cantt,2026-09-01,1,261,45,23,22,14,14,26,25,0,361.3,38.7,206.1,126.7,58.8,8.3
phc-meerut-cantt,2026-09-02,2,233,45,24,21,14,14,26,26,0,273.8,35.5,224.6,125.0,47.3,9.2
phc-meerut-cantt,2026-09-03,3,267,45,25,20,14,14,26,25,0,338.3,36.8,234.7,144.1,54.2,8.7
phc-meerut-cantt,2026-09-04,4,234,45,24,21,14,14,26,26,0,221.7,38.6,202.9,134.8,46.4,7.1
phc-meerut-cantt,2026-09-05,5,220,45,25,20,14,14,26,26,0,240.8,26.5,182.9,104.3,48.9,7.5
phc-meerut-cantt,2026-09-06,6,164,45,25,20,14,14,26,26,0,189.2,25.5,111.3,64.0,32.8,5.2
phc-meerut-cantt,2026-09-07,0,334,45,26,19,14,14,26,25,0,367.1,50.0,271.5,146.8,70.0,11.6
phc-meerut-cantt,2026-09-08,1,266,45,27,18,14,14,26,25,0,257.5,35.1,227.4,136.9,48.1,8.6
phc-meerut-cantt,2026-09-09,2,227,45,23,22,14,13,26,25,0,258.0,36.1,130.8,113.3,50.1,6.6
phc-meerut-cantt,2026-09-10,3,246,45,24,21,14,14,26,26,0,309.2,37.3,223.8,127.4,59.2,8.1
phc-meerut-cantt,2026-09-11,4,219,45,25,20,14,14,26,25,0,240.3,29.4,191.2,104.5,50.8,6.6
phc-meerut-cantt,2026-09-12,5,226,45,25,20,14,14,26,26,0,268.1,30.4,205.3,121.4,40.3,7.4
phc-meerut-cantt,2026-09-13,6,169,45,26,19,14,14,26,26,0,209.2,22.8,154.1,73.6,37.3,6.3
phc-meerut-cantt,2026-09-14,0,250,45,24,21,14,14,26,26,0,363.6,42.3,203.4,117.2,59.7,8.7
phc-meerut-cantt,2026-09-15,1,249,45,25,20,14,14,26,24,0,323.1,31.9,174.7,121.4,56.3,10.0
phc-meerut-cantt,2026-09-16,2,216,45,25,20,14,14,26,26,0,289.1,35.5,185.2,85.3,42.4,6.3
phc-meerut-cantt,2026-09-17,3,208,45,25,20,14,14,26,26,0,249.3,25.9,175.8,99.3,46.5,7.8
phc-meerut-cantt,2026-09-18,4,220,45,27,18,14,14,26,25,0,308.6,32.0,184.8,109.0,49.8,7.3
phc-meerut-cantt,2026-09-19,5,225,45,24,21,14,14,26,25,0,246.9,29.5,204.6,101.2,48.9,7.9
phc-meerut-cantt,2026-09-20,6,132,45,23,22,14,14,26,25,0,135.1,20.3,122.7,66.1,30.2,4.7
phc-meerut-cantt,2026-09-21,0,290,45,27,18,14,14,26,26,0,345.1,43.2,232.1,173.3,76.5,10.2
phc-meerut-cantt,2026-09-22,1,247,45,27,18,14,13,26,26,0,336.7,33.5,208.6,123.7,43.4,9.4
phc-meerut-cantt,2026-09-23,2,287,45,24,21,14,13,26,24,0,375.6,39.3,279.0,128.1,56.5,10.0
phc-meerut-cantt,2026-09-24,3,238,45,26,19,14,14,26,26,0,307.6,33.3,183.1,101.8,58.9,9.2
phc-meerut-cantt,2026-09-25,4,261,45,26,19,14,14,26,24,0,220.7,34.2,208.0,113.0,58.1,8.8
phc-meerut-cantt,2026-09-26,5,224,45,26,19,14,14,26,26,0,240.3,32.9,179.0,106.1,44.0,9.4
phc-meerut-cantt,2026-09-27,6,157,45,25,20,14,13,26,26,0,168.6,19.8,127.4,69.7,35.3,4.4
phc-meerut-cantt,2026-09-28,0,273,45,26,19,14,14,26,26,0,378.0,36.6,232.9,129.1,55.4,9.6
phc-meerut-cantt,2026-09-29,1,243,45,23,22,14,13,26,25,0,326.0,35.4,178.1,111.1,69.2,9.1
phc-meerut-rural,2026-08-01,5,131,16,11,5,5,4,10,9,0,179.1,17.8,106.2,70.5,28.8,5.4
phc-meerut-rural,2026-08-02,6,72,16,10,6,5,5,10,9,0,82.5,9.1,56.2,30.1,14.4,2.9
phc-meerut-rural,2026-08-03,0,127,16,11,5,5,5,10,10,0,154.3,16.2,115.3,62.6,30.4,3.9
phc-meerut-rural,2026-08-04,1,107,16,11,5,5,4,10,10,0,142.0,14.1,100.4,55.3,27.6,3.6
phc-meerut-rural,2026-08-05,2,99,16,11,5,5,3,10,10,0,112.8,16.6,80.4,53.2,22.1,3.6
phc-meerut-rural,2026-08-06,3,118,16,11,5,5,5,10,10,0,138.1,17.0,97.1,58.4,27.1,4.5
phc-meerut-rural,2026-08-07,4,121,16,10,6,5,5,10,10,0,146.3,22.5,108.4,61.4,28.2,4.8
phc-meerut-rural,2026-08-08,5,114,16,10,6,5,5,10,9,0,135.3,15.7,89.4,63.8,24.1,4.3
phc-meerut-rural,2026-08-09,6,61,16,10,6,5,4,10,8,0,81.8,8.3,43.0,31.1,13.5,2.0
phc-meerut-rural,2026-08-10,0,153,16,10,6,5,5,10,10,0,175.7,21.4,115.3,81.0,27.6,5.6
phc-meerut-rural,2026-08-11,1,107,16,10,6,5,5,10,10,0,113.4,13.1,91.2,57.3,25.4,3.7
phc-meerut-rural,2026-08-12,2,101,16,10,6,5,5,10,10,0,142.6,18.1,86.6,52.3,18.3,4.1
phc-meerut-rural,2026-08-13,3,117,16,10,6,5,4,10,9,0,133.6,17.4,90.3,50.4,23.0,4.5
phc-meerut-rural,2026-08-14,4,102,16,10,6,5,5,10,9,0,114.9,12.4,81.4,48.8,19.8,3.2
phc-meerut-rural,2026-08-15,5,129,16,10,6,5,5,10,9,0,141.5,16.8,94.3,64.2,30.8,5.1
phc-meerut-rural,2026-08-16,6,65,16,10,6,5,5,10,10,0,60.5,9.3,65.9,30.1,14.0,2.3
phc-meerut-rural,2026-08-17,0,131,16,10,6,5,5,10,10,0,152.3,18.4,86.0,62.1,27.7,4.8
phc-meerut-rural,2026-08-18,1,101,16,10,6,5,5,10,10,0,142.1,14.3,92.3,49.0,20.7,2.7
phc-meerut-rural,2026-08-19,2,112,16,10,6,5,5,10,10,0,124.0,14.4,95.8,58.7,28.3,3.9
phc-meerut-rural,2026-08-20,3,98,16,11,5,5,5,10,10,0,129.2,11.5,84.8,49.2,21.4,3.2
phc-meerut-rural,2026-08-21,4,119,16,10,6,5,5,10,10,0,137.0,14.6,104.9,49.8,22.8,3.3
phc-meerut-rural,2026-08-22,5,107,16,10,6,5,5,10,10,0,136.2,14.9,98.2,58.3,26.0,3.9
phc-meerut-rural,2026-08-23,6,72,16,11,5,5,5,10,9,0,77.9,10.3,58.3,26.7,16.8,2.8
phc-meerut-rural,2026-08-24,0,121,16,11,5,5,5,10,9,0,132.6,16.6,87.1,51.5,29.2,4.6
phc-meerut-rural,2026-08-25,1,113,16,10,6,5,5,10,8,0,112.3,15.0,100.7,44.8,22.1,4.0
phc-meerut-rural,2026-08-26,2,123,16,10,6,5,5,10,10,0,136.8,14.8,82.0,58.9,25.5,3.7
phc-meerut-rural,2026-08-27,3,120,16,11,5,5,5,10,10,0,153.6,18.3,112.8,59.7,25.8,4.4
phc-meerut-rural,2026-08-28,4,117,16,11,5,5,5,10,10,0,129.8,16.2,113.8,52.4,21.7,3.7
phc-meerut-rural,2026-08-29,5,119,16,10,6,5,5,10,10,0,146.4,15.6,104.4,50.0,28.7,4.1
phc-meerut-rural,2026-08-30,6,70,16,10,6,5,5,10,10,0,77.2,9.4,68.5,30.0,15.7,2.8
phc-meerut-rural,2026-08-31,0,123,16,10,6,5,5,10,10,0,153.4,17.4,88.5,62.9,27.3,4.5
phc-meerut-rural,2026-09-01,1,100,16,11,5,5,5,10,10,0,132.9,12.8,93.2,51.4,26.1,3.4
phc-meerut-rural,2026-09-02,2,100,16,10,6,5,5,10,8,0,115.7,14.0,78.5,48.5,17.5,3.6
phc-meerut-rural,2026-09-03,3,121,16,10,6,5,5,10,10,0,161.2,16.3,102.2,60.9,29.5,4.1
phc-meerut-rural,2026-09-04,4,123,16,10,6,5,5,10,10,0,116.1,18.2,111.1,63.2,24.6,4.1
phc-meerut-rural,2026-09-05,5,120,16,10,6,5,5,10,10,0,154.8,13.4,105.4,55.9,24.2,3.9
phc-meerut-rural,2026-09-06,6,70,16,10,6,5,5,10,10,0,53.8,10.7,64.0,39.6,14.9,2.3
phc-meerut-rural,2026-09-07,0,142,16,11,5,5,4,10,10,0,166.4,19.5,125.6,64.1,35.9,4.9
phc-meerut-rural,2026-09-08,1,115,16,11,5,5,5,10,10,0,158.1,14.3,106.4,60.8,26.9,3.9
phc-meerut-rural,2026-09-09,2,115,16,10,6,5,5,10,9,0,128.0,14.7,101.0,47.8,24.7,4.2
phc-meerut-rural,2026-09-10,3,121,16,11,5,5,5,10,9,0,154.9,15.2,97.7,66.0,25.6,5.2
phc-meerut-rural,2026-09-11,4,92,16,11,5,5,5,10,10,0,96.2,10.8,81.1,44.9,23.4,3.3
phc-meerut-rural,2026-09-12,5,106,16,10,6,5,5,10,10,0,127.2,15.0,74.5,54.7,23.6,3.3
phc-meerut-rural,2026-09-13,6,82,16,11,5,5,4,10,10,0,102.2,10.6,79.6,40.5,19.4,3.3
phc-meerut-rural,2026-09-14,0,138,16,10,6,5,4,10,10,0,170.8,20.9,136.5,51.9,28.4,5.5
phc-meerut-rural,2026-09-15,1,98,16,11,5,5,5,10,10,0,134.9,13.7,104.9,38.9,23.1,3.8
phc-meerut-rural,2026-09-16,2,118,16,10,6,5,3,10,10,0,138.7,17.9,91.2,58.6,26.7,3.9
phc-meerut-rural,2026-09-17,3,113,16,10,6,5,4,10,10,0,137.1,19.9,97.9,54.6,25.1,3.7
phc-meerut-rural,2026-09-18,4,109,16,10,6,5,5,10,10,0,145.6,15.6,90.9,56.3,24.1,4.0
phc-meerut-rural,2026-09-19,5,118,16,10,6,5,5,10,10,0,143.6,13.5,91.9,52.8,23.9,4.2
phc-meerut-rural,2026-09-20,6,71,16,11,5,5,5,10,10,0,80.5,8.0,66.2,36.5,16.1,2.4
phc-meerut-rural,2026-09-21,0,143,16,10,6,5,5,10,10,0,181.9,21.7,115.5,70.6,34.5,5.6
phc-meerut-rural,2026-09-22,1,109,16,10,6,5,5,10,8,0,127.9,16.9,89.5,47.1,29.2,3.2
phc-meerut-rural,2026-09-23,2,106,16,11,5,5,5,10,10,0,115.9,14.9,84.2,49.2,28.0,3.6
phc-meerut-rural,2026-09-24,3,113,16,11,5,5,5,10,10,0,142.9,13.8,105.3,49.8,21.9,4.0
phc-meerut-rural,2026-09-25,4,95,16,10,6,5,5,10,9,0,97.9,12.4,77.0,41.0,22.7,3.6
phc-meerut-rural,2026-09-26,5,100,16,11,5,5,5,10,10,0,128.7,13.3,110.4,56.2,23.1,3.6
phc-meerut-rural,2026-09-27,6,69,16,10,6,5,5,10,8,0,71.9,9.4,66.2,32.9,15.4,2.5
phc-meerut-rural,2026-09-28,0,150,16,10,6,5,4,10,9,0,150.2,17.0,135.5,70.5,37.4,5.1
phc-meerut-rural,2026-09-29,1,92,16,11,5,5,5,10,9,0,95.6,12.3,66.6,39.2,21.0,2.8
phc-gurgaon-sec14,2026-08-01,5,196,28,17,11,9,9,18,17,0,233.5,28.7,171.6,96.9,43.8,6.9
phc-gurgaon-sec14,2026-08-02,6,97,28,17,11,9,9,18,18,0,113.2,13.0,76.8,48.7,24.1,3.8
phc-gurgaon-sec14,2026-08-03,0,202,28,19,9,9,9,18,18,0,273.7,27.2,163.1,111.8,45.9,6.1
phc-gurgaon-sec14,2026-08-04,1,189,28,17,11,9,8,18,15,0,222.8,30.1,157.6,98.4,32.4,8.2
phc-gurgaon-sec14,2026-08-05,2,202,28,18,10,9,9,18,18,0,235.5,28.5,163.2,91.6,42.6,8.0
phc-gurgaon-sec14,2026-08-06,3,196,28,19,9,9,9,18,17,0,201.9,30.1,162.1,81.0,48.9,8.3
phc-gurgaon-sec14,2026-08-07,4,179,28,17,11,9,9,18,17,0,261.2,28.8,144.8,79.8,36.6,6.0
phc-gurgaon-sec14,2026-08-08,5,165,28,19,9,9,8,18,18,0,229.6,24.6,131.1,75.2,36.6,6.0
phc-gurgaon-sec14,2026-08-09,6,108,28,18,10,9,9,18,18,0,139.0,14.3,85.1,47.1,23.7,3.5
phc-gurgaon-sec14,2026-08-10,0,229,28,19,9,9,9,18,18,0,283.7,33.9,218.2,109.7,58.6,8.7
phc-gurgaon-sec14,2026-08-11,1,170,28,17,11,9,9,18,18,0,249.1,25.9,172.4,77.6,37.6,6.4
phc-gurgaon-sec14,2026-08-12,2,179,28,18,10,9,9,18,17,0,217.0,28.8,147.4,94.8,38.2,6.5
phc-gurgaon-sec14,2026-08-13,3,178,28,19,9,9,9,18,18,0,212.4,25.7,148.2,87.1,44.0,5.9
phc-gurgaon-sec14,2026-08-14,4,214,28,18,10,9,8,18,18,0,210.3,27.1,124.8,101.3,41.7,7.5
phc-gurgaon-sec14,2026-08-15,5,157,28,17,11,9,9,18,17,0,190.0,26.2,118.7,82.2,38.5,4.2
phc-gurgaon-sec14,2026-08-16,6,111,28,18,10,9,9,18,18,0,130.5,15.3,80.7,58.3,26.7,4.2
phc-gurgaon-sec14,2026-08-17,0,214,28,18,10,9,9,18,18,0,238.7,27.2,173.2,109.0,44.1,7.7
phc-gurgaon-sec14,2026-08-18,1,181,28,18,10,9,9,18,18,0,219.5,25.7,130.7,95.5,36.3,6.4
phc-gurgaon-sec14,2026-08-19,2,197,28,20,8,9,9,18,18,0,258.3,32.6,174.1,88.9,45.8,7.0
phc-gurgaon-sec14,2026-08-20,3,155,28,18,10,9,8,18,18,0,192.7,24.6,122.6,82.9,32.3,5.8
phc-gurgaon-sec14,2026-08-21,4,159,28,18,10,9,9,18,18,0,195.3,23.7,133.2,76.6,34.4,6.2
phc-gurgaon-sec14,2026-08-22,5,180,28,17,11,9,9,18,17,0,225.4,25.6,116.3,80.5,37.7,5.1
phc-gurgaon-sec14,2026-08-23,6,106,28,20,8,9,9,18,16,0,102.0,18.3,86.8,48.6,25.8,3.0
phc-gurgaon-sec14,2026-08-24,0,198,28,18,10,9,8,18,17,0,216.5,27.3,151.2,98.3,42.5,6.9
phc-gurgaon-sec14,2026-08-25,1,196,28,18,10,9,7,18,17,0,207.4,26.3,164.4,92.2,43.9,7.2
phc-gurgaon-sec14,2026-08-26,2,184,28,17,11,9,8,18,18,0,227.0,30.5,132.5,87.2,36.8,6.8
phc-gurgaon-sec14,2026-08-27,3,157,28,19,9,9,9,18,18,0,194.9,20.9,113.7,75.0,29.1,5.7
phc-gurgaon-sec14,2026-08-28,4,190,28,18,10,9,9,18,17,0,238.7,25.2,153.4,77.3,45.7,6.4
phc-gurgaon-sec14,2026-08-29,5,183,28,17,11,9,9,18,16,0,196.9,24.3,112.1,88.2,43.4,8.1
phc-gurgaon-sec14,2026-08-30,6,113,28,19,9,9,9,18,17,0,125.4,15.6,90.8,61.1,25.5,3.6
phc-gurgaon-sec14,2026-08-31,0,217,28,18,10,9,9,18,18,0,289.6,30.4,201.4,105.2,47.7,6.6
phc-gurgaon-sec14,2026-09-01,1,180,28,18,10,9,8,18,17,0,230.7,27.6,162.2,82.9,39.3,6.4
phc-gurgaon-sec14,2026-09-02,2,182,28,19,9,9,9,18,18,0,240.2,25.6,180.8,87.7,48.9,5.5
phc-gurgaon-sec14,2026-09-03,3,180,28,18,10,9,9,18,18,0,229.2,21.3,136.5,89.4,42.1,6.7
phc-gurgaon-sec14,2026-09-04,4,169,28,19,9,9,8,18,17,0,183.0,23.3,132.3,70.4,38.1,7.2
phc-gurgaon-sec14,2026-09-05,5,164,28,18,10,9,8,18,17,0,214.9,21.9,133.4,95.9,35.2,6.2
phc-gurgaon-sec14,2026-09-06,6,117,28,18,10,9,9,18,17,0,114.5,17.3,103.7,51.9,29.7,4.0
phc-gurgaon-sec14,2026-09-07,0,261,28,20,8,9,9,18,16,0,307.8,41.4,206.2,108.4,57.5,8.8
phc-gurgaon-sec14,2026-09-08,1,229,28,20,8,9,8,18,18,0,293.4,28.5,157.9,122.8,47.6,10.1
phc-gurgaon-sec14,2026-09-09,2,193,28,19,9,9,8,18,18,0,219.6,31.7,160.9,91.8,33.1,6.6
phc-gurgaon-sec14,2026-09-10,3,192,28,19,9,9,9,18,18,0,205.8,27.3,172.8,81.7,38.9,6.9
phc-gurgaon-sec14,2026-09-11,4,166,28,17,11,9,9,18,18,0,182.0,25.9,136.6,90.6,39.5,4.1
phc-gurgaon-sec14,2026-09-12,5,166,28,17,11,9,9,18,18,0,218.0,27.9,130.1,98.7,36.1,6.8
phc-gurgaon-sec14,2026-09-13,6,120,28,19,9,9,9,18,17,0,141.3,18.5,116.8,54.8,24.5,4.3
phc-gurgaon-sec14,2026-09-14,0,240,28,19,9,9,9,18,18,0,311.0,27.4,188.0,116.7,48.3,7.6
phc-gurgaon-sec14,2026-09-15,1,179,28,19,9,9,9,18,17,0,210.8,27.2,139.6,81.7,31.5,5.4
phc-gurgaon-sec14,2026-09-16,2,206,28,19,9,9,9,18,18,0,287.8,27.6,189.2,106.7,47.4,7.7
phc-gurgaon-sec14,2026-09-17,3,178,28,18,10,9,9,18,17,0,192.9,21.5,153.6,84.0,39.5,6.2
phc-gurgaon-sec14,2026-09-18,4,217,28,18,10,9,9,18,18,0,225.8,30.6,186.2,108.1,45.4,6.6
phc-gurgaon-sec14,2026-09-19,5,205,28,18,10,9,8,18,17,0,300.0,31.4,173.3,89.6,42.6,6.7
phc-gurgaon-sec14,2026-09-20,6,123,28,18,10,9,9,18,18,0,151.4,17.9,110.4,59.7,30.0,4.1
phc-gurgaon-sec14,2026-09-21,0,232,28,18,10,9,9,18,18,0,273.3,31.8,170.3,101.0,55.2,8.3
phc-gurgaon-sec14,2026-09-22,1,181,28,19,9,9,9,18,18,0,223.9,32.1,172.1,79.7,42.7,5.4
phc-gurgaon-sec14,2026-09-23,2,160,28,19,9,9,9,18,17,0,175.9,24.4,148.6,78.1,37.6,5.6
phc-gurgaon-sec14,2026-09-24,3,183,28,18,10,9,8,18,18,0,245.2,19.7,181.4,77.7,50.5,7.8
phc-gurgaon-sec14,2026-09-25,4,161,28,17,11,9,9,18,18,0,182.0,23.2,136.0,78.0,33.5,5.3
phc-gurgaon-sec14,2026-09-26,5,184,28,17,11,9,9,18,18,0,241.6,24.6,182.4,84.8,33.0,7.0
phc-gurgaon-sec14,2026-09-27,6,108,28,17,11,9,7,18,18,0,131.6,15.4,91.6,54.5,21.9,4.3
phc-gurgaon-sec14,2026-09-28,0,221,28,17,11,9,7,18,18,0,230.4,36.4,211.3,127.7,51.0,7.8
phc-gurgaon-sec14,2026-09-29,1,166,28,18,10,9,8,18,17,0,181.6,21.8,125.6,85.5,40.2,5.8
phc-faridabad-sec16,2026-08-01,5,182,34,22,12,10,10,20,20,0,253.1,21.9,176.0,91.2,42.4,5.4
phc-faridabad-sec16,2026-08-02,6,140,34,21,13,10,9,20,20,0,156.9,18.4,124.7,63.3,31.3,4.1
phc-faridabad-sec16,2026-08-03,0,287,34,23,11,10,9,20,20,0,298.0,40.0,237.2,153.4,76.4,9.1
phc-faridabad-sec16,2026-08-04,1,202,34,23,11,10,10,20,19,0,273.1,25.5,169.8,91.6,40.1,7.6
phc-faridabad-sec16,2026-08-05,2,203,34,22,12,10,10,20,20,0,273.1,26.5,214.5,91.7,52.6,6.7
phc-faridabad-sec16,2026-08-06,3,185,34,20,14,10,10,20,19,0,208.7,27.4,157.3,94.0,41.7,6.8
phc-faridabad-sec16,2026-08-07,4,188,34,21,13,10,10,20,19,0,230.8,29.3,149.8,99.6,39.2,6.5
phc-faridabad-sec16,2026-08-08,5,192,34,22,12,10,10,20,20,0,222.9,27.4,179.7,88.1,38.5,5.8
phc-faridabad-sec16,2026-08-09,6,132,34,23,11,10,9,20,20,0,180.3,19.4,121.6,69.3,29.6,4.2
phc-faridabad-sec16,2026-08-10,0,256,34,22,12,10,10,20,20,0,309.1,42.7,219.4,137.4,53.9,8.7
phc-faridabad-sec16,2026-08-11,1,174,34,22,12,10,8,20,20,0,193.3,25.1,159.6,93.3,38.0,6.8
phc-faridabad-sec16,2026-08-12,2,194,34,21,13,10,10,20,19,0,254.4,27.7,126.1,93.3,47.9,7.1
phc-faridabad-sec16,2026-08-13,3,202,34,23,11,10,10,20,19,0,200.7,29.8,173.9,89.6,43.1,6.5
phc-faridabad-sec16,2026-08-14,4,195,34,24,10,10,10,20,19,0,181.2,28.5,168.6,87.8,36.0,7.3
phc-faridabad-sec16,2026-08-15,5,191,34,22,12,10,10,20,20,0,242.0,26.3,172.5,89.9,39.0,6.9
phc-faridabad-sec16,2026-08-16,6,152,34,23,11,10,10,20,20,0,174.4,23.5,115.4,75.5,32.2,4.9
phc-faridabad-sec16,2026-08-17,0,294,34,23,11,10,10,20,20,0,367.6,38.1,187.6,157.3,62.8,9.1
phc-faridabad-sec16,2026-08-18,1,204,34,23,11,10,9,20,20,0,244.5,25.8,147.4,105.0,48.0,8.3
phc-faridabad-sec16,2026-08-19,2,183,34,23,11,10,10,20,20,0,234.8,22.5,147.1,84.7,46.2,6.4
phc-faridabad-sec16,2026-08-20,3,192,34,23,11,10,10,20,20,0,259.8,23.8,171.5,86.5,49.1,6.2
phc-faridabad-sec16,2026-08-21,4,213,34,21,13,10,10,20,20,0,260.3,32.2,175.7,99.6,45.7,8.8
phc-faridabad-sec16,2026-08-22,5,209,34,21,13,10,10,20,18,0,270.4,25.8,171.3,116.9,46.3,7.4
phc-faridabad-sec16,2026-08-23,6,150,34,23,11,10,10,20,19,0,154.8,18.1,115.0,80.3,37.2,5.8
phc-faridabad-sec16,2026-08-24,0,250,34,22,12,10,9,20,20,0,306.2,36.6,221.5,100.7,48.8,8.8
phc-faridabad-sec16,2026-08-25,1,169,34,21,13,10,9,20,20,0,219.7,24.5,154.8,82.7,28.9,6.0
phc-faridabad-sec16,2026-08-26,2,196,34,21,13,10,9,20,18,0,247.2,28.0,175.4,93.0,43.0,7.5
phc-faridabad-sec16,2026-08-27,3,232,34,21,13,10,10,20,19,0,239.4,35.2,210.0,112.9,54.0,8.3
phc-faridabad-sec16,2026-08-28,4,193,34,23,11,10,10,20,19,0,236.3,28.1,187.3,84.5,42.0,6.4
phc-faridabad-sec16,2026-08-29,5,177,34,20,14,10,10,20,19,0,205.4,27.5,125.1,93.1,42.1,6.3
phc-faridabad-sec16,2026-08-30,6,105,34,22,12,10,10,20,18,0,120.3,14.5,91.9,40.9,19.5,3.4
phc-faridabad-sec16,2026-08-31,0,248,34,24,10,10,10,20,20,0,290.5,39.8,227.6,128.7,53.4,7.2
phc-faridabad-sec16,2026-09-01,1,228,34,23,11,10,8,20,19,0,270.9,31.1,155.9,106.0,54.6,8.4
phc-faridabad-sec16,2026-09-02,2,205,34,23,11,10,10,20,19,0,236.8,29.2,170.3,80.3,46.4,8.1
phc-faridabad-sec16,2026-09-03,3,216,34,21,13,10,10,20,20,0,285.5,30.8,184.6,111.8,45.7,8.7
phc-faridabad-sec16,2026-09-04,4,183,34,22,12,10,10,20,20,0,234.0,27.6,163.6,78.0,31.5,6.7
phc-faridabad-sec16,2026-09-05,5,203,34,21,13,10,10,20,19,0,214.3,29.1,183.4,94.5,47.7,6.6
phc-faridabad-sec16,2026-09-06,6,105,34,23,11,10,9,20,20,0,120.7,12.4,101.0,56.4,22.4,3.8
phc-faridabad-sec16,2026-09-07,0,241,34,21,13,10,10,20,19,0,265.6,29.8,215.0,123.0,55.1,6.7
phc-faridabad-sec16,2026-09-08,1,181,34,23,11,10,10,20,18,0,216.6,26.3,156.3,105.4,44.4,6.4
phc-faridabad-sec16,2026-09-09,2,197,34,21,13,10,10,20,18,0,245.4,31.3,171.9,88.4,47.2,6.0
phc-faridabad-sec16,2026-09-10,3,178,34,21,13,10,10,20,20,0,220.8,26.7,143.5,84.2,31.1,7.2
phc-faridabad-sec16,2026-09-11,4,171,34,23,11,10,9,20,18,0,190.7,25.7,144.3,79.7,39.3,5.5
phc-faridabad-sec16,2026-09-12,5,190,34,23,11,10,10,20,20,0,230.8,24.5,191.4,84.6,41.4,7.6
phc-faridabad-sec16,2026-09-13,6,121,34,24,10,10,10,20,20,0,149.5,17.2,98.5,48.5,27.9,4.8
phc-faridabad-sec16,2026-09-14,0,249,34,21,13,10,10,20,20,0,273.5,34.5,233.9,108.4,50.6,8.6
phc-faridabad-sec16,2026-09-15,1,196,34,22,12,10,10,20,19,0,184.5,26.4,182.9,90.4,50.6,7.2
phc-faridabad-sec16,2026-09-16,2,200,34,20,14,10,10,20,19,0,236.9,25.3,154.0,104.4,37.2,8.2
phc-faridabad-sec16,2026-09-17,3,188,34,23,11,10,10,20,20,0,223.0,26.9,144.2,91.7,39.6,6.1
phc-faridabad-sec16,2026-09-18,4,206,34,23,11,10,9,20,20,0,209.2,26.7,140.9,105.8,52.8,7.6
phc-faridabad-sec16,2026-09-19,5,166,34,23,11,10,10,20,20,0,177.5,23.0,125.3,84.8,31.6,5.6
phc-faridabad-sec16,2026-09-20,6,117,34,20,14,10,10,20,18,0,142.2,17.1,92.0,38.5,27.8,4.3
phc-faridabad-sec16,2026-09-21,0,270,34,22,12,10,10,20,18,0,369.9,44.8,226.2,134.1,53.5,9.3
phc-faridabad-sec16,2026-09-22,1,192,34,23,11,10,10,20,20,0,234.7,22.0,173.6,94.8,41.2,5.6
phc-faridabad-sec16,2026-09-23,2,171,34,21,13,10,10,20,19,0,214.6,23.6,149.1,80.2,40.1,5.1
phc-faridabad-sec16,2026-09-24,3,189,34,21,13,10,9,20,19,0,233.5,30.2,168.3,104.5,39.8,5.7
phc-faridabad-sec16,2026-09-25,4,185,34,23,11,10,10,20,17,0,235.9,25.3,152.4,101.0,40.3,7.0
phc-faridabad-sec16,2026-09-26,5,191,34,21,13,10,10,20,20,0,267.4,28.3,185.5,81.4,46.1,6.3
phc-faridabad-sec16,2026-09-27,6,126,34,23,11,10,8,20,20,0,168.8,20.4,99.8,65.3,29.8,4.9
phc-faridabad-sec16,2026-09-28,0,253,34,21,13,10,10,20,19,0,244.6,39.6,209.2,105.9,57.7,9.0
phc-faridabad-sec16,2026-09-29,1,237,34,22,12,10,10,20,20,0,236.0,30.7,197.5,121.3,53.1,9.6
